Code Smell,Code Snippet ID,Final annotation,Link,Project Link
Data_Class,Aseprite.AsepriteCel,1,https://github.com/egordorichev/BurningKnight/tree/a55594c11ab681087356af2c129c2d493eba4bd2/Aseprite/AsepriteFile.cs#L513-L526,https://github.com/egordorichev/BurningKnight/tree/a55594c11ab681087356af2c129c2d493eba4bd2
Data_Class,BurningKnight.assets.achievements.Achievement,1,https://github.com/egordorichev/BurningKnight/tree/a55594c11ab681087356af2c129c2d493eba4bd2/BurningKnight/assets/achievements/Achievement.cs#L5-L50,https://github.com/egordorichev/BurningKnight/tree/a55594c11ab681087356af2c129c2d493eba4bd2
Data_Class,BurningKnight.assets.items.ItemData,0,https://github.com/egordorichev/BurningKnight/tree/a55594c11ab681087356af2c129c2d493eba4bd2/BurningKnight/assets/items/ItemData.cs#L6-L29,https://github.com/egordorichev/BurningKnight/tree/a55594c11ab681087356af2c129c2d493eba4bd2
Data_Class,BurningKnight.entity.component.StatsComponent,0,https://github.com/egordorichev/BurningKnight/tree/a55594c11ab681087356af2c129c2d493eba4bd2/BurningKnight/entity/component/StatsComponent.cs#L12-L165,https://github.com/egordorichev/BurningKnight/tree/a55594c11ab681087356af2c129c2d493eba4bd2
Data_Class,BurningKnight.entity.component.TextGraphicsComponent,0,https://github.com/egordorichev/BurningKnight/tree/a55594c11ab681087356af2c129c2d493eba4bd2/BurningKnight/entity/component/TextGraphicsComponent.cs#L7-L34,https://github.com/egordorichev/BurningKnight/tree/a55594c11ab681087356af2c129c2d493eba4bd2
Data_Class,BurningKnight.entity.item.ItemPool,1,https://github.com/egordorichev/BurningKnight/tree/a55594c11ab681087356af2c129c2d493eba4bd2/BurningKnight/entity/item/ItemPool.cs#L7-L80,https://github.com/egordorichev/BurningKnight/tree/a55594c11ab681087356af2c129c2d493eba4bd2
Data_Class,BurningKnight.entity.projectile.Projectile,0,https://github.com/egordorichev/BurningKnight/tree/a55594c11ab681087356af2c129c2d493eba4bd2/BurningKnight/entity/projectile/Projectile.cs#L48-L475,https://github.com/egordorichev/BurningKnight/tree/a55594c11ab681087356af2c129c2d493eba4bd2
Data_Class,BurningKnight.level.DoorPlaceholder,0,https://github.com/egordorichev/BurningKnight/tree/a55594c11ab681087356af2c129c2d493eba4bd2/BurningKnight/level/DoorPlaceholder.cs#L4-L44,https://github.com/egordorichev/BurningKnight/tree/a55594c11ab681087356af2c129c2d493eba4bd2
Data_Class,BurningKnight.state.PhotoCard,0,https://github.com/egordorichev/BurningKnight/tree/a55594c11ab681087356af2c129c2d493eba4bd2/BurningKnight/state/PhotoCard.cs#L11-L102,https://github.com/egordorichev/BurningKnight/tree/a55594c11ab681087356af2c129c2d493eba4bd2
Data_Class,BurningKnight.ui.inventory.UiItem,0,https://github.com/egordorichev/BurningKnight/tree/a55594c11ab681087356af2c129c2d493eba4bd2/BurningKnight/ui/inventory/UiItem.cs#L17-L171,https://github.com/egordorichev/BurningKnight/tree/a55594c11ab681087356af2c129c2d493eba4bd2
Data_Class,Duplicati.Library.Logging.LogEntry,0,https://github.com/duplicati/duplicati/tree/0a1b32e1887c98c6034c9fafdfddcb8f8f31e207/Duplicati/Library/Logging/LogEntry.cs#L26-L179,https://github.com/duplicati/duplicati/tree/0a1b32e1887c98c6034c9fafdfddcb8f8f31e207
Data_Class,DvdLib.Ifo.ProgramChain,0,https://github.com/jellyfin/jellyfin/tree/6c2eb5fc7e872a29b4a0951849681ae0764dbb8e/DvdLib/Ifo/ProgramChain.cs#L16-L120,https://github.com/jellyfin/jellyfin/tree/6c2eb5fc7e872a29b4a0951849681ae0764dbb8e
Data_Class,DvdLib.Ifo.Title,0,https://github.com/jellyfin/jellyfin/tree/6c2eb5fc7e872a29b4a0951849681ae0764dbb8e/DvdLib/Ifo/Title.cs#L8-L69,https://github.com/jellyfin/jellyfin/tree/6c2eb5fc7e872a29b4a0951849681ae0764dbb8e
Data_Class,Files.DataModels.NavigationControlItems.LocationItem,0,https://github.com/files-community/Files/tree/89c33841813a5590e6bf44fb02bb7d06348320c3/Files/DataModels/NavigationControlItems/LocationItem.cs#L12-L60,https://github.com/files-community/Files/tree/89c33841813a5590e6bf44fb02bb7d06348320c3
Data_Class,Files.Filesystem.Permissions.RulesForUser,0,https://github.com/files-community/Files/tree/89c33841813a5590e6bf44fb02bb7d06348320c3/Files/Filesystem/Permissions/RulesForUser.cs#L8-L242,https://github.com/files-community/Files/tree/89c33841813a5590e6bf44fb02bb7d06348320c3
Data_Class,Files.Filesystem.Search.FolderSearch,0,https://github.com/files-community/Files/tree/89c33841813a5590e6bf44fb02bb7d06348320c3/Files/Filesystem/Search/FolderSearch.cs#L25-L479,https://github.com/files-community/Files/tree/89c33841813a5590e6bf44fb02bb7d06348320c3
Data_Class,Files.ViewModels.Dialogs.DynamicDialogViewModel,0,https://github.com/files-community/Files/tree/89c33841813a5590e6bf44fb02bb7d06348320c3/Files/ViewModels/Dialogs/DynamicDialogViewModel.cs#L15-L468,https://github.com/files-community/Files/tree/89c33841813a5590e6bf44fb02bb7d06348320c3
Data_Class,Files.ViewModels.NavToolbarViewModel,0,https://github.com/files-community/Files/tree/89c33841813a5590e6bf44fb02bb7d06348320c3/Files/ViewModels/NavToolbarViewModel.cs#L36-L1033,https://github.com/files-community/Files/tree/89c33841813a5590e6bf44fb02bb7d06348320c3
Data_Class,Files.ViewModels.SelectedItemsPropertiesViewModel,1,https://github.com/files-community/Files/tree/89c33841813a5590e6bf44fb02bb7d06348320c3/Files/ViewModels/SelectedItemsPropertiesViewModel.cs#L13-L653,https://github.com/files-community/Files/tree/89c33841813a5590e6bf44fb02bb7d06348320c3
Data_Class,Jackett.Common.Indexers.IndexerResult,0,https://github.com/Jackett/Jackett/tree/db695e5dc01755ff52b5cd7b4f0004ff1035649d/src/Jackett.Common/Indexers/IIndexer.cs#L11-L23,https://github.com/Jackett/Jackett/tree/db695e5dc01755ff52b5cd7b4f0004ff1035649d
Data_Class,Jackett.Common.Models.TorznabCapabilities,0,https://github.com/Jackett/Jackett/tree/db695e5dc01755ff52b5cd7b4f0004ff1035649d/src/Jackett.Common/Models/TorznabCapabilities.cs#L41-L294,https://github.com/Jackett/Jackett/tree/db695e5dc01755ff52b5cd7b4f0004ff1035649d
Data_Class,Jackett.Common.Models.TrackerCache,0,https://github.com/Jackett/Jackett/tree/db695e5dc01755ff52b5cd7b4f0004ff1035649d/src/Jackett.Common/Models/TrackerCache.cs#L6-L11,https://github.com/Jackett/Jackett/tree/db695e5dc01755ff52b5cd7b4f0004ff1035649d
Data_Class,Jackett.Common.Models.TrackerCacheQuery,0,https://github.com/Jackett/Jackett/tree/db695e5dc01755ff52b5cd7b4f0004ff1035649d/src/Jackett.Common/Models/TrackerCacheQuery.cs#L6-L14,https://github.com/Jackett/Jackett/tree/db695e5dc01755ff52b5cd7b4f0004ff1035649d
Data_Class,Jellyfin.Api.Models.PlaybackDtos.TranscodingJobDto,0,https://github.com/jellyfin/jellyfin/tree/6c2eb5fc7e872a29b4a0951849681ae0764dbb8e/Jellyfin.Api/Models/PlaybackDtos/TranscodingJobDto.cs#L14-L252,https://github.com/jellyfin/jellyfin/tree/6c2eb5fc7e872a29b4a0951849681ae0764dbb8e
Data_Class,Lens.Engine,0,https://github.com/egordorichev/BurningKnight/tree/a55594c11ab681087356af2c129c2d493eba4bd2/Lens/Engine.cs#L17-L313,https://github.com/egordorichev/BurningKnight/tree/a55594c11ab681087356af2c129c2d493eba4bd2
Data_Class,Lens.graphics.TextureRegion,2,https://github.com/egordorichev/BurningKnight/tree/a55594c11ab681087356af2c129c2d493eba4bd2/Lens/graphics/TextureRegion.cs#L5-L49,https://github.com/egordorichev/BurningKnight/tree/a55594c11ab681087356af2c129c2d493eba4bd2
Data_Class,Lens.input.MouseData,0,https://github.com/egordorichev/BurningKnight/tree/a55594c11ab681087356af2c129c2d493eba4bd2/Lens/input/MouseData.cs#L9-L137,https://github.com/egordorichev/BurningKnight/tree/a55594c11ab681087356af2c129c2d493eba4bd2
Data_Class,LiteDB.Engine.CollectionIndex,1,https://github.com/mbdavid/LiteDB/tree/00d28bfafe3c685ae239f759f812def495278eaf/LiteDB/Engine/Structures/CollectionIndex.cs#L8-L132,https://github.com/mbdavid/LiteDB/tree/00d28bfafe3c685ae239f759f812def495278eaf
Data_Class,MediaBrowser.Controller.MediaEncoding.EncodingJobInfo,0,https://github.com/jellyfin/jellyfin/tree/6c2eb5fc7e872a29b4a0951849681ae0764dbb8e/MediaBrowser.Controller/MediaEncoding/EncodingJobInfo.cs#L20-L701,https://github.com/jellyfin/jellyfin/tree/6c2eb5fc7e872a29b4a0951849681ae0764dbb8e
Data_Class,mRemoteNG.UI.Controls.MrngIpTextBox,0,https://github.com/mRemoteNG/mRemoteNG/tree/e6d2c9791d7a5e55630c987a3c81fb287032752b/mRemoteNG/UI/Controls/mrngIpTextBox.cs#L17-L435,https://github.com/mRemoteNG/mRemoteNG/tree/e6d2c9791d7a5e55630c987a3c81fb287032752b
Data_Class,mRemoteNG.UI.Menu.ViewMenu,0,https://github.com/mRemoteNG/mRemoteNG/tree/e6d2c9791d7a5e55630c987a3c81fb287032752b/mRemoteNG/UI/Menu/ViewMenu.cs#L13-L319,https://github.com/mRemoteNG/mRemoteNG/tree/e6d2c9791d7a5e55630c987a3c81fb287032752b
Data_Class,NzbDrone.Core.Notifications.Xbmc.Model.MovieResult,0,https://github.com/Radarr/Radarr/tree/5ce1829709e7e1de3953c04e5dab4f3a9d450b38/src/NzbDrone.Core/Notifications/Xbmc/Model/MovieResult.cs#L5-L14,https://github.com/Radarr/Radarr/tree/5ce1829709e7e1de3953c04e5dab4f3a9d450b38
Data_Class,NzbDrone.Core.Notifications.Xbmc.Model.TvShowResult,0,https://github.com/Sonarr/Sonarr/tree/6378e7afef6072eae20f6408818c6fb1c85661b7/src/NzbDrone.Core/Notifications/Xbmc/Model/TvShowResult.cs#L5-L14,https://github.com/Sonarr/Sonarr/tree/6378e7afef6072eae20f6408818c6fb1c85661b7
Data_Class,OpenRA.FieldLoader.SerializeAttribute,0,https://github.com/OpenRA/OpenRA/tree/920d00bbae9fa8e62387bbff705ca4bea6a26677/OpenRA.Game/FieldLoader.cs#L659-L696,https://github.com/OpenRA/OpenRA/tree/920d00bbae9fa8e62387bbff705ca4bea6a26677
Data_Class,OpenRA.GameInformation,0,https://github.com/OpenRA/OpenRA/tree/920d00bbae9fa8e62387bbff705ca4bea6a26677/OpenRA.Game/GameInformation.cs#L20-L194,https://github.com/OpenRA/OpenRA/tree/920d00bbae9fa8e62387bbff705ca4bea6a26677
Data_Class,OpenRA.GameRules.MusicInfo,0,https://github.com/OpenRA/OpenRA/tree/920d00bbae9fa8e62387bbff705ca4bea6a26677/OpenRA.Game/GameRules/MusicInfo.cs#L17-L65,https://github.com/OpenRA/OpenRA/tree/920d00bbae9fa8e62387bbff705ca4bea6a26677
Data_Class,OpenRA.Graphics.PaletteReference,0,https://github.com/OpenRA/OpenRA/tree/920d00bbae9fa8e62387bbff705ca4bea6a26677/OpenRA.Game/Graphics/PaletteReference.cs#L14-L31,https://github.com/OpenRA/OpenRA/tree/920d00bbae9fa8e62387bbff705ca4bea6a26677
Data_Class,OpenRA.HotkeyDefinition,0,https://github.com/OpenRA/OpenRA/tree/920d00bbae9fa8e62387bbff705ca4bea6a26677/OpenRA.Game/HotkeyDefinition.cs#L17-L40,https://github.com/OpenRA/OpenRA/tree/920d00bbae9fa8e62387bbff705ca4bea6a26677
Data_Class,OpenRA.MapGrid,0,https://github.com/OpenRA/OpenRA/tree/920d00bbae9fa8e62387bbff705ca4bea6a26677/OpenRA.Game/Map/MapGrid.cs#L101-L231,https://github.com/OpenRA/OpenRA/tree/920d00bbae9fa8e62387bbff705ca4bea6a26677
Data_Class,OpenRA.MapPreview.InnerData,0,https://github.com/OpenRA/OpenRA/tree/920d00bbae9fa8e62387bbff705ca4bea6a26677/OpenRA.Game/Map/MapPreview.cs#L70-L129,https://github.com/OpenRA/OpenRA/tree/920d00bbae9fa8e62387bbff705ca4bea6a26677
Data_Class,OpenRA.ModData,0,https://github.com/OpenRA/OpenRA/tree/920d00bbae9fa8e62387bbff705ca4bea6a26677/OpenRA.Game/ModData.cs#L23-L210,https://github.com/OpenRA/OpenRA/tree/920d00bbae9fa8e62387bbff705ca4bea6a26677
Data_Class,OpenRA.Mods.Cnc.SpriteLoaders.ShpTDSprite.ImageHeader,0,https://github.com/OpenRA/OpenRA/tree/920d00bbae9fa8e62387bbff705ca4bea6a26677/OpenRA.Mods.Cnc/SpriteLoaders/ShpTDLoader.cs#L78-L116,https://github.com/OpenRA/OpenRA/tree/920d00bbae9fa8e62387bbff705ca4bea6a26677
Data_Class,OpenRA.Mods.Cnc.Traits.DisguiseInfo,0,https://github.com/OpenRA/OpenRA/tree/920d00bbae9fa8e62387bbff705ca4bea6a26677/OpenRA.Mods.Cnc/Traits/Disguise.cs#L72-L104,https://github.com/OpenRA/OpenRA/tree/920d00bbae9fa8e62387bbff705ca4bea6a26677
Data_Class,OpenRA.Mods.Cnc.Traits.DropPodsPowerInfo,0,https://github.com/OpenRA/OpenRA/tree/920d00bbae9fa8e62387bbff705ca4bea6a26677/OpenRA.Mods.Cnc/Traits/SupportPowers/DropPodsPower.cs#L23-L77,https://github.com/OpenRA/OpenRA/tree/920d00bbae9fa8e62387bbff705ca4bea6a26677
Data_Class,OpenRA.Mods.Cnc.Traits.IonCannonPowerInfo,0,https://github.com/OpenRA/OpenRA/tree/920d00bbae9fa8e62387bbff705ca4bea6a26677/OpenRA.Mods.Cnc/Traits/SupportPowers/IonCannonPower.cs#L21-L63,https://github.com/OpenRA/OpenRA/tree/920d00bbae9fa8e62387bbff705ca4bea6a26677
Data_Class,OpenRA.Mods.Cnc.Traits.MadTankInfo,0,https://github.com/OpenRA/OpenRA/tree/920d00bbae9fa8e62387bbff705ca4bea6a26677/OpenRA.Mods.Cnc/Traits/MadTank.cs#L24-L80,https://github.com/OpenRA/OpenRA/tree/920d00bbae9fa8e62387bbff705ca4bea6a26677
Data_Class,OpenRA.Mods.Common.Graphics.DefaultSpriteSequence,0,https://github.com/OpenRA/OpenRA/tree/920d00bbae9fa8e62387bbff705ca4bea6a26677/OpenRA.Mods.Common/Graphics/DefaultSpriteSequence.cs#L121-L418,https://github.com/OpenRA/OpenRA/tree/920d00bbae9fa8e62387bbff705ca4bea6a26677
Data_Class,OpenRA.Mods.Common.Projectiles.Railgun,0,https://github.com/OpenRA/OpenRA/tree/920d00bbae9fa8e62387bbff705ca4bea6a26677/OpenRA.Mods.Common/Projectiles/Railgun.cs#L104-L253,https://github.com/OpenRA/OpenRA/tree/920d00bbae9fa8e62387bbff705ca4bea6a26677
Data_Class,OpenRA.Mods.Common.SpriteLoaders.ShpTSLoader.ShpTSFrame,0,https://github.com/OpenRA/OpenRA/tree/920d00bbae9fa8e62387bbff705ca4bea6a26677/OpenRA.Mods.Common/SpriteLoaders/ShpTSLoader.cs#L21-L86,https://github.com/OpenRA/OpenRA/tree/920d00bbae9fa8e62387bbff705ca4bea6a26677
Data_Class,OpenRA.Mods.Common.Traits.ArmamentInfo,0,https://github.com/OpenRA/OpenRA/tree/920d00bbae9fa8e62387bbff705ca4bea6a26677/OpenRA.Mods.Common/Traits/Armament.cs#L27-L102,https://github.com/OpenRA/OpenRA/tree/920d00bbae9fa8e62387bbff705ca4bea6a26677
Data_Class,OpenRA.Mods.Common.Traits.ArmyUnit,0,https://github.com/OpenRA/OpenRA/tree/920d00bbae9fa8e62387bbff705ca4bea6a26677/OpenRA.Mods.Common/Traits/Player/PlayerStatistics.cs#L144-L182,https://github.com/OpenRA/OpenRA/tree/920d00bbae9fa8e62387bbff705ca4bea6a26677
Data_Class,OpenRA.Mods.Common.Traits.BridgeInfo,0,https://github.com/OpenRA/OpenRA/tree/920d00bbae9fa8e62387bbff705ca4bea6a26677/OpenRA.Mods.Common/Traits/Buildings/Bridge.cs#L23-L89,https://github.com/OpenRA/OpenRA/tree/920d00bbae9fa8e62387bbff705ca4bea6a26677
Data_Class,OpenRA.Mods.Common.Traits.CargoInfo,0,https://github.com/OpenRA/OpenRA/tree/920d00bbae9fa8e62387bbff705ca4bea6a26677/OpenRA.Mods.Common/Traits/Cargo.cs#L23-L87,https://github.com/OpenRA/OpenRA/tree/920d00bbae9fa8e62387bbff705ca4bea6a26677
Data_Class,OpenRA.Mods.Common.Traits.ExplodesInfo,0,https://github.com/OpenRA/OpenRA/tree/920d00bbae9fa8e62387bbff705ca4bea6a26677/OpenRA.Mods.Common/Traits/Explodes.cs#L23-L82,https://github.com/OpenRA/OpenRA/tree/920d00bbae9fa8e62387bbff705ca4bea6a26677
Data_Class,OpenRA.Mods.Common.Traits.GainsExperienceInfo,0,https://github.com/OpenRA/OpenRA/tree/920d00bbae9fa8e62387bbff705ca4bea6a26677/OpenRA.Mods.Common/Traits/GainsExperience.cs#L20-L53,https://github.com/OpenRA/OpenRA/tree/920d00bbae9fa8e62387bbff705ca4bea6a26677
Data_Class,OpenRA.Mods.Common.Traits.Gate,0,https://github.com/OpenRA/OpenRA/tree/920d00bbae9fa8e62387bbff705ca4bea6a26677/OpenRA.Mods.Common/Traits/Buildings/Gate.cs#L36-L146,https://github.com/OpenRA/OpenRA/tree/920d00bbae9fa8e62387bbff705ca4bea6a26677
Data_Class,OpenRA.Mods.Common.Traits.JumpjetLocomotorInfo,0,https://github.com/OpenRA/OpenRA/tree/920d00bbae9fa8e62387bbff705ca4bea6a26677/OpenRA.Mods.Common/Traits/World/JumpjetLocomotor.cs#L16-L31,https://github.com/OpenRA/OpenRA/tree/920d00bbae9fa8e62387bbff705ca4bea6a26677
Data_Class,OpenRA.Mods.Common.Traits.LocomotorInfo,0,https://github.com/OpenRA/OpenRA/tree/920d00bbae9fa8e62387bbff705ca4bea6a26677/OpenRA.Mods.Common/Traits/World/Locomotor.cs#L57-L125,https://github.com/OpenRA/OpenRA/tree/920d00bbae9fa8e62387bbff705ca4bea6a26677
Data_Class,OpenRA.Mods.Common.Traits.NukePowerInfo,0,https://github.com/OpenRA/OpenRA/tree/920d00bbae9fa8e62387bbff705ca4bea6a26677/OpenRA.Mods.Common/Traits/SupportPowers/NukePower.cs#L23-L137,https://github.com/OpenRA/OpenRA/tree/920d00bbae9fa8e62387bbff705ca4bea6a26677
Data_Class,OpenRA.Mods.Common.Traits.Parachutable,0,https://github.com/OpenRA/OpenRA/tree/920d00bbae9fa8e62387bbff705ca4bea6a26677/OpenRA.Mods.Common/Traits/Parachutable.cs#L60-L116,https://github.com/OpenRA/OpenRA/tree/920d00bbae9fa8e62387bbff705ca4bea6a26677
Data_Class,OpenRA.Mods.Common.Traits.PassengerInfo,0,https://github.com/OpenRA/OpenRA/tree/920d00bbae9fa8e62387bbff705ca4bea6a26677/OpenRA.Mods.Common/Traits/Passenger.cs#L21-L60,https://github.com/OpenRA/OpenRA/tree/920d00bbae9fa8e62387bbff705ca4bea6a26677
Data_Class,OpenRA.Mods.Common.Traits.PlayerStatistics,0,https://github.com/OpenRA/OpenRA/tree/920d00bbae9fa8e62387bbff705ca4bea6a26677/OpenRA.Mods.Common/Traits/Player/PlayerStatistics.cs#L27-L142,https://github.com/OpenRA/OpenRA/tree/920d00bbae9fa8e62387bbff705ca4bea6a26677
Data_Class,OpenRA.Mods.Common.Traits.PluggableInfo,0,https://github.com/OpenRA/OpenRA/tree/920d00bbae9fa8e62387bbff705ca4bea6a26677/OpenRA.Mods.Common/Traits/Pluggable.cs#L19-L78,https://github.com/OpenRA/OpenRA/tree/920d00bbae9fa8e62387bbff705ca4bea6a26677
Data_Class,OpenRA.Mods.Common.Traits.ProductionItem,0,https://github.com/OpenRA/OpenRA/tree/920d00bbae9fa8e62387bbff705ca4bea6a26677/OpenRA.Mods.Common/Traits/Player/ProductionQueue.cs#L593-L681,https://github.com/OpenRA/OpenRA/tree/920d00bbae9fa8e62387bbff705ca4bea6a26677
Data_Class,OpenRA.Mods.Common.Traits.ProximityCapturable,0,https://github.com/OpenRA/OpenRA/tree/920d00bbae9fa8e62387bbff705ca4bea6a26677/OpenRA.Mods.Common/Traits/ProximityCapturable.cs#L49-L194,https://github.com/OpenRA/OpenRA/tree/920d00bbae9fa8e62387bbff705ca4bea6a26677
Data_Class,OpenRA.Mods.Common.Traits.Rearmable,0,https://github.com/OpenRA/OpenRA/tree/920d00bbae9fa8e62387bbff705ca4bea6a26677/OpenRA.Mods.Common/Traits/Rearmable.cs#L31-L59,https://github.com/OpenRA/OpenRA/tree/920d00bbae9fa8e62387bbff705ca4bea6a26677
Data_Class,OpenRA.Mods.Common.Traits.ScriptLobbyDropdown,0,https://github.com/OpenRA/OpenRA/tree/920d00bbae9fa8e62387bbff705ca4bea6a26677/OpenRA.Mods.Common/Traits/World/ScriptLobbyDropdown.cs#L59-L74,https://github.com/OpenRA/OpenRA/tree/920d00bbae9fa8e62387bbff705ca4bea6a26677
Data_Class,OpenRA.Mods.Common.Traits.StrategicVictoryConditions,0,https://github.com/OpenRA/OpenRA/tree/920d00bbae9fa8e62387bbff705ca4bea6a26677/OpenRA.Mods.Common/Traits/Player/StrategicVictoryConditions.cs#L49-L164,https://github.com/OpenRA/OpenRA/tree/920d00bbae9fa8e62387bbff705ca4bea6a26677
Data_Class,OpenRA.Mods.Common.Traits.SubterraneanLocomotorInfo,0,https://github.com/OpenRA/OpenRA/tree/920d00bbae9fa8e62387bbff705ca4bea6a26677/OpenRA.Mods.Common/Traits/World/SubterraneanLocomotor.cs#L16-L34,https://github.com/OpenRA/OpenRA/tree/920d00bbae9fa8e62387bbff705ca4bea6a26677
Data_Class,OpenRA.Mods.Common.Traits.TooltipInfo,0,https://github.com/OpenRA/OpenRA/tree/920d00bbae9fa8e62387bbff705ca4bea6a26677/OpenRA.Mods.Common/Traits/Tooltip.cs#L28-L77,https://github.com/OpenRA/OpenRA/tree/920d00bbae9fa8e62387bbff705ca4bea6a26677
Data_Class,OpenRA.Mods.Common.Traits.TransformsIntoMobileInfo,0,https://github.com/OpenRA/OpenRA/tree/920d00bbae9fa8e62387bbff705ca4bea6a26677/OpenRA.Mods.Common/Traits/Buildings/TransformsIntoMobile.cs#L20-L58,https://github.com/OpenRA/OpenRA/tree/920d00bbae9fa8e62387bbff705ca4bea6a26677
Data_Class,OpenRA.Mods.Common.Traits.TunnelEntrance,0,https://github.com/OpenRA/OpenRA/tree/920d00bbae9fa8e62387bbff705ca4bea6a26677/OpenRA.Mods.Common/Traits/TunnelEntrance.cs#L35-L72,https://github.com/OpenRA/OpenRA/tree/920d00bbae9fa8e62387bbff705ca4bea6a26677
Data_Class,OpenRA.Mods.Common.Traits.WarheadDebugOverlay.WHImpact,0,https://github.com/OpenRA/OpenRA/tree/920d00bbae9fa8e62387bbff705ca4bea6a26677/OpenRA.Mods.Common/Traits/World/WarheadDebugOverlay.cs#L30-L49,https://github.com/OpenRA/OpenRA/tree/920d00bbae9fa8e62387bbff705ca4bea6a26677
Data_Class,OpenRA.Mods.Common.WebServices,0,https://github.com/OpenRA/OpenRA/tree/920d00bbae9fa8e62387bbff705ca4bea6a26677/OpenRA.Mods.Common/WebServices.cs#L20-L63,https://github.com/OpenRA/OpenRA/tree/920d00bbae9fa8e62387bbff705ca4bea6a26677
Data_Class,OpenRA.Mods.Common.Widgets.ButtonWidget,0,https://github.com/OpenRA/OpenRA/tree/920d00bbae9fa8e62387bbff705ca4bea6a26677/OpenRA.Mods.Common/Widgets/ButtonWidget.cs#L20-L301,https://github.com/OpenRA/OpenRA/tree/920d00bbae9fa8e62387bbff705ca4bea6a26677
Data_Class,OpenRA.Mods.Common.Widgets.GradientColorBlockWidget,0,https://github.com/OpenRA/OpenRA/tree/920d00bbae9fa8e62387bbff705ca4bea6a26677/OpenRA.Mods.Common/Widgets/GradientColorBlockWidget.cs#L18-L56,https://github.com/OpenRA/OpenRA/tree/920d00bbae9fa8e62387bbff705ca4bea6a26677
Data_Class,OpenRA.Mods.Common.Widgets.Logic.ReplayBrowserLogic.Filter,0,https://github.com/OpenRA/OpenRA/tree/920d00bbae9fa8e62387bbff705ca4bea6a26677/OpenRA.Mods.Common/Widgets/Logic/ReplayBrowserLogic.cs#L756-L779,https://github.com/OpenRA/OpenRA/tree/920d00bbae9fa8e62387bbff705ca4bea6a26677
Data_Class,OpenRA.Mods.Common.Widgets.Logic.ShowPlayerActionDropDownOption,0,https://github.com/OpenRA/OpenRA/tree/920d00bbae9fa8e62387bbff705ca4bea6a26677/OpenRA.Mods.Common/Widgets/Logic/Lobby/LobbyUtils.cs#L653-L664,https://github.com/OpenRA/OpenRA/tree/920d00bbae9fa8e62387bbff705ca4bea6a26677
Data_Class,OpenRA.Mods.Common.Widgets.ObserverProductionIconsWidget,0,https://github.com/OpenRA/OpenRA/tree/920d00bbae9fa8e62387bbff705ca4bea6a26677/OpenRA.Mods.Common/Widgets/ObserverProductionIconsWidget.cs#L23-L277,https://github.com/OpenRA/OpenRA/tree/920d00bbae9fa8e62387bbff705ca4bea6a26677
Data_Class,OpenRA.Mods.Common.Widgets.ObserverSupportPowerIconsWidget,0,https://github.com/OpenRA/OpenRA/tree/920d00bbae9fa8e62387bbff705ca4bea6a26677/OpenRA.Mods.Common/Widgets/ObserverSupportPowerIconsWidget.cs#L22-L202,https://github.com/OpenRA/OpenRA/tree/920d00bbae9fa8e62387bbff705ca4bea6a26677
Data_Class,OpenRA.Mods.Common.Widgets.ProductionTabGroup,0,https://github.com/OpenRA/OpenRA/tree/920d00bbae9fa8e62387bbff705ca4bea6a26677/OpenRA.Mods.Common/Widgets/ProductionTabsWidget.cs#L28-L63,https://github.com/OpenRA/OpenRA/tree/920d00bbae9fa8e62387bbff705ca4bea6a26677
Data_Class,OpenRA.Mods.D2k.SpriteLoaders.R8Loader.R8Frame,0,https://github.com/OpenRA/OpenRA/tree/920d00bbae9fa8e62387bbff705ca4bea6a26677/OpenRA.Mods.D2k/SpriteLoaders/R8Loader.cs#L23-L80,https://github.com/OpenRA/OpenRA/tree/920d00bbae9fa8e62387bbff705ca4bea6a26677
Data_Class,OpenRA.Network.GameServer,0,https://github.com/OpenRA/OpenRA/tree/920d00bbae9fa8e62387bbff705ca4bea6a26677/OpenRA.Game/Network/GameServer.cs#L48-L264,https://github.com/OpenRA/OpenRA/tree/920d00bbae9fa8e62387bbff705ca4bea6a26677
Data_Class,OpenRA.Network.Session.Client,2,https://github.com/OpenRA/OpenRA/tree/920d00bbae9fa8e62387bbff705ca4bea6a26677/OpenRA.Game/Network/Session.cs#L124-L162,https://github.com/OpenRA/OpenRA/tree/920d00bbae9fa8e62387bbff705ca4bea6a26677
Data_Class,OpenRA.Network.Session.LobbyOptionState,0,https://github.com/OpenRA/OpenRA/tree/920d00bbae9fa8e62387bbff705ca4bea6a26677/OpenRA.Game/Network/Session.cs#L210-L217,https://github.com/OpenRA/OpenRA/tree/920d00bbae9fa8e62387bbff705ca4bea6a26677
Data_Class,OpenRA.Orders.UnitOrderGenerator.UnitOrderResult,0,https://github.com/OpenRA/OpenRA/tree/920d00bbae9fa8e62387bbff705ca4bea6a26677/OpenRA.Game/Orders/UnitOrderGenerator.cs#L193-L211,https://github.com/OpenRA/OpenRA/tree/920d00bbae9fa8e62387bbff705ca4bea6a26677
Data_Class,OpenRA.Server.Connection,0,https://github.com/OpenRA/OpenRA/tree/920d00bbae9fa8e62387bbff705ca4bea6a26677/OpenRA.Game/Server/Connection.cs#L19-L123,https://github.com/OpenRA/OpenRA/tree/920d00bbae9fa8e62387bbff705ca4bea6a26677
Data_Class,OpenRA.Support.VariableExpression.NumberToken,0,https://github.com/OpenRA/OpenRA/tree/920d00bbae9fa8e62387bbff705ca4bea6a26677/OpenRA.Game/Support/VariableExpression.cs#L568-L581,https://github.com/OpenRA/OpenRA/tree/920d00bbae9fa8e62387bbff705ca4bea6a26677
Data_Class,OpenRA.Support.VariableExpression.Token,0,https://github.com/OpenRA/OpenRA/tree/920d00bbae9fa8e62387bbff705ca4bea6a26677/OpenRA.Game/Support/VariableExpression.cs#L321-L556,https://github.com/OpenRA/OpenRA/tree/920d00bbae9fa8e62387bbff705ca4bea6a26677
Data_Class,OpenRA.Support.VariableExpression.VariableToken,0,https://github.com/OpenRA/OpenRA/tree/920d00bbae9fa8e62387bbff705ca4bea6a26677/OpenRA.Game/Support/VariableExpression.cs#L558-L566,https://github.com/OpenRA/OpenRA/tree/920d00bbae9fa8e62387bbff705ca4bea6a26677
Data_Class,OpenRA.TerrainTemplateInfo,0,https://github.com/OpenRA/OpenRA/tree/920d00bbae9fa8e62387bbff705ca4bea6a26677/OpenRA.Game/Map/TileSet.cs#L45-L125,https://github.com/OpenRA/OpenRA/tree/920d00bbae9fa8e62387bbff705ca4bea6a26677
Data_Class,OpenRA.Traits.FrozenActor,0,https://github.com/OpenRA/OpenRA/tree/920d00bbae9fa8e62387bbff705ca4bea6a26677/OpenRA.Game/Traits/Player/FrozenActorLayer.cs#L34-L204,https://github.com/OpenRA/OpenRA/tree/920d00bbae9fa8e62387bbff705ca4bea6a26677
Data_Class,osu.Game.Beatmaps.BeatmapInfo,0,https://github.com/ppy/osu/tree/2cac373365309a40474943f55c56159ed8f9433c/osu.Game/Beatmaps/BeatmapInfo.cs#L18-L175,https://github.com/ppy/osu/tree/2cac373365309a40474943f55c56159ed8f9433c
Data_Class,osu.Game.Beatmaps.BeatmapMetadata,0,https://github.com/ppy/osu/tree/2cac373365309a40474943f55c56159ed8f9433c/osu.Game/Beatmaps/BeatmapMetadata.cs#L15-L92,https://github.com/ppy/osu/tree/2cac373365309a40474943f55c56159ed8f9433c
Data_Class,osu.Game.Beatmaps.Timing.BreakPeriod,0,https://github.com/ppy/osu/tree/2cac373365309a40474943f55c56159ed8f9433c/osu.Game/Beatmaps/Timing/BreakPeriod.cs#L8-L52,https://github.com/ppy/osu/tree/2cac373365309a40474943f55c56159ed8f9433c
Data_Class,osu.Game.Collections.BeatmapCollection,0,https://github.com/ppy/osu/tree/2cac373365309a40474943f55c56159ed8f9433c/osu.Game/Collections/BeatmapCollection.cs#L13-L46,https://github.com/ppy/osu/tree/2cac373365309a40474943f55c56159ed8f9433c
Data_Class,osu.Game.Configuration.DatabasedSetting,0,https://github.com/ppy/osu/tree/2cac373365309a40474943f55c56159ed8f9433c/osu.Game/Configuration/DatabasedSetting.cs#L9-L46,https://github.com/ppy/osu/tree/2cac373365309a40474943f55c56159ed8f9433c
Data_Class,osu.Game.Database.DatabaseWriteUsage,0,https://github.com/ppy/osu/tree/2cac373365309a40474943f55c56159ed8f9433c/osu.Game/Database/DatabaseWriteUsage.cs#L9-L62,https://github.com/ppy/osu/tree/2cac373365309a40474943f55c56159ed8f9433c
Data_Class,osu.Game.Graphics.Backgrounds.Triangles,0,https://github.com/ppy/osu/tree/2cac373365309a40474943f55c56159ed8f9433c/osu.Game/Graphics/Backgrounds/Triangles.cs#L21-L352,https://github.com/ppy/osu/tree/2cac373365309a40474943f55c56159ed8f9433c
Data_Class,osu.Game.Graphics.UserInterface.DialogButton,0,https://github.com/ppy/osu/tree/2cac373365309a40474943f55c56159ed8f9433c/osu.Game/Graphics/UserInterface/DialogButton.cs#L21-L281,https://github.com/ppy/osu/tree/2cac373365309a40474943f55c56159ed8f9433c
Data_Class,osu.Game.Graphics.UserInterface.DrawableOsuMenuItem.TextContainer,0,https://github.com/ppy/osu/tree/2cac373365309a40474943f55c56159ed8f9433c/osu.Game/Graphics/UserInterface/DrawableOsuMenuItem.cs#L106-L148,https://github.com/ppy/osu/tree/2cac373365309a40474943f55c56159ed8f9433c
Data_Class,osu.Game.Graphics.UserInterface.LineGraph,0,https://github.com/ppy/osu/tree/2cac373365309a40474943f55c56159ed8f9433c/osu.Game/Graphics/UserInterface/LineGraph.cs#L16-L130,https://github.com/ppy/osu/tree/2cac373365309a40474943f55c56159ed8f9433c
Data_Class,osu.Game.Graphics.UserInterface.OsuDropdown.OsuDropdownMenu.DrawableOsuDropdownMenuItem.Content,0,https://github.com/ppy/osu/tree/2cac373365309a40474943f55c56159ed8f9433c/osu.Game/Graphics/UserInterface/OsuDropdown.cs#L169-L206,https://github.com/ppy/osu/tree/2cac373365309a40474943f55c56159ed8f9433c
Data_Class,osu.Game.Graphics.UserInterface.ProgressBar,0,https://github.com/ppy/osu/tree/2cac373365309a40474943f55c56159ed8f9433c/osu.Game/Graphics/UserInterface/ProgressBar.cs#L12-L66,https://github.com/ppy/osu/tree/2cac373365309a40474943f55c56159ed8f9433c
Data_Class,osu.Game.Graphics.UserInterface.TwoLayerButton,0,https://github.com/ppy/osu/tree/2cac373365309a40474943f55c56159ed8f9433c/osu.Game/Graphics/UserInterface/TwoLayerButton.cs#L22-L248,https://github.com/ppy/osu/tree/2cac373365309a40474943f55c56159ed8f9433c
Data_Class,osu.Game.Online.API.OAuth,0,https://github.com/ppy/osu/tree/2cac373365309a40474943f55c56159ed8f9433c/osu.Game/Online/API/OAuth.cs#L10-L185,https://github.com/ppy/osu/tree/2cac373365309a40474943f55c56159ed8f9433c
Data_Class,osu.Game.Online.API.Requests.Responses.APISeasonalBackgrounds,0,https://github.com/ppy/osu/tree/2cac373365309a40474943f55c56159ed8f9433c/osu.Game/Online/API/Requests/Responses/APISeasonalBackgrounds.cs#L10-L17,https://github.com/ppy/osu/tree/2cac373365309a40474943f55c56159ed8f9433c
Data_Class,osu.Game.Online.Multiplayer.MultiplayerRoom,0,https://github.com/ppy/osu/tree/2cac373365309a40474943f55c56159ed8f9433c/osu.Game/Online/Multiplayer/MultiplayerRoom.cs#L16-L58,https://github.com/ppy/osu/tree/2cac373365309a40474943f55c56159ed8f9433c
Data_Class,osu.Game.Online.Rooms.MultiplayerScore,0,https://github.com/ppy/osu/tree/2cac373365309a40474943f55c56159ed8f9433c/osu.Game/Online/Rooms/MultiplayerScore.cs#L18-L89,https://github.com/ppy/osu/tree/2cac373365309a40474943f55c56159ed8f9433c
Data_Class,osu.Game.Online.Rooms.OnlinePlayBeatmapAvailablilityTracker,0,https://github.com/ppy/osu/tree/2cac373365309a40474943f55c56159ed8f9433c/osu.Game/Online/Rooms/OnlinePlayBeatmapAvailablilityTracker.cs#L18-L91,https://github.com/ppy/osu/tree/2cac373365309a40474943f55c56159ed8f9433c
Data_Class,osu.Game.Overlays.BeatmapListing.BeatmapListingSearchControl,1,https://github.com/ppy/osu/tree/2cac373365309a40474943f55c56159ed8f9433c/osu.Game/Overlays/BeatmapListing/BeatmapListingSearchControl.cs#L23-L183,https://github.com/ppy/osu/tree/2cac373365309a40474943f55c56159ed8f9433c
Data_Class,osu.Game.Overlays.BeatmapSet.BeatmapPicker,0,https://github.com/ppy/osu/tree/2cac373365309a40474943f55c56159ed8f9433c/osu.Game/Overlays/BeatmapSet/BeatmapPicker.cs#L24-L338,https://github.com/ppy/osu/tree/2cac373365309a40474943f55c56159ed8f9433c
Data_Class,osu.Game.Overlays.BeatmapSet.BeatmapPicker.DifficultySelectorButton,0,https://github.com/ppy/osu/tree/2cac373365309a40474943f55c56159ed8f9433c/osu.Game/Overlays/BeatmapSet/BeatmapPicker.cs#L188-L289,https://github.com/ppy/osu/tree/2cac373365309a40474943f55c56159ed8f9433c
Data_Class,osu.Game.Overlays.BeatmapSet.BeatmapSetHeader,0,https://github.com/ppy/osu/tree/2cac373365309a40474943f55c56159ed8f9433c/osu.Game/Overlays/BeatmapSet/BeatmapSetHeader.cs#L16-L61,https://github.com/ppy/osu/tree/2cac373365309a40474943f55c56159ed8f9433c
Data_Class,osu.Game.Overlays.BeatmapSet.BeatmapSetHeaderContent,0,https://github.com/ppy/osu/tree/2cac373365309a40474943f55c56159ed8f9433c/osu.Game/Overlays/BeatmapSet/BeatmapSetHeaderContent.cs#L23-L282,https://github.com/ppy/osu/tree/2cac373365309a40474943f55c56159ed8f9433c
Data_Class,osu.Game.Overlays.BeatmapSet.Buttons.FavouriteButton,0,https://github.com/ppy/osu/tree/2cac373365309a40474943f55c56159ed8f9433c/osu.Game/Overlays/BeatmapSet/Buttons/FavouriteButton.cs#L20-L111,https://github.com/ppy/osu/tree/2cac373365309a40474943f55c56159ed8f9433c
Data_Class,osu.Game.Overlays.BeatmapSet.Info,0,https://github.com/ppy/osu/tree/2cac373365309a40474943f55c56159ed8f9433c/osu.Game/Overlays/BeatmapSet/Info.cs#L17-L181,https://github.com/ppy/osu/tree/2cac373365309a40474943f55c56159ed8f9433c
Data_Class,osu.Game.Overlays.Chat.DrawableChannel,0,https://github.com/ppy/osu/tree/2cac373365309a40474943f55c56159ed8f9433c/osu.Game/Overlays/Chat/DrawableChannel.cs#L24-L285,https://github.com/ppy/osu/tree/2cac373365309a40474943f55c56159ed8f9433c
Data_Class,osu.Game.Overlays.Chat.Selection.ChannelListItem,0,https://github.com/ppy/osu/tree/2cac373365309a40474943f55c56159ed8f9433c/osu.Game/Overlays/Chat/Selection/ChannelListItem.cs#L21-L189,https://github.com/ppy/osu/tree/2cac373365309a40474943f55c56159ed8f9433c
Data_Class,osu.Game.Overlays.Chat.Selection.ChannelSection,0,https://github.com/ppy/osu/tree/2cac373365309a40474943f55c56159ed8f9433c/osu.Game/Overlays/Chat/Selection/ChannelSection.cs#L16-L63,https://github.com/ppy/osu/tree/2cac373365309a40474943f55c56159ed8f9433c
Data_Class,osu.Game.Overlays.Chat.Tabs.ChannelTabItem,0,https://github.com/ppy/osu/tree/2cac373365309a40474943f55c56159ed8f9433c/osu.Game/Overlays/Chat/Tabs/ChannelTabItem.cs#L23-L222,https://github.com/ppy/osu/tree/2cac373365309a40474943f55c56159ed8f9433c
Data_Class,osu.Game.Overlays.KeyBinding.KeyBindingRow,0,https://github.com/ppy/osu/tree/2cac373365309a40474943f55c56159ed8f9433c/osu.Game/Overlays/KeyBinding/KeyBindingRow.cs#L25-L461,https://github.com/ppy/osu/tree/2cac373365309a40474943f55c56159ed8f9433c
Data_Class,osu.Game.Overlays.Mods.ModSettingsContainer,0,https://github.com/ppy/osu/tree/2cac373365309a40474943f55c56159ed8f9433c/osu.Game/Overlays/Mods/ModSettingsContainer.cs#L20-L109,https://github.com/ppy/osu/tree/2cac373365309a40474943f55c56159ed8f9433c
Data_Class,osu.Game.Overlays.Music.Playlist,0,https://github.com/ppy/osu/tree/2cac373365309a40474943f55c56159ed8f9433c/osu.Game/Overlays/Music/Playlist.cs#L15-L51,https://github.com/ppy/osu/tree/2cac373365309a40474943f55c56159ed8f9433c
Data_Class,osu.Game.Overlays.Music.PlaylistItem,0,https://github.com/ppy/osu/tree/2cac373365309a40474943f55c56159ed8f9433c/osu.Game/Overlays/Music/PlaylistItem.cs#L21-L133,https://github.com/ppy/osu/tree/2cac373365309a40474943f55c56159ed8f9433c
Data_Class,osu.Game.Overlays.NotificationOverlay,0,https://github.com/ppy/osu/tree/2cac373365309a40474943f55c56159ed8f9433c/osu.Game/Overlays/NotificationOverlay.cs#L19-L175,https://github.com/ppy/osu/tree/2cac373365309a40474943f55c56159ed8f9433c
Data_Class,osu.Game.Overlays.Notifications.ProgressNotification,0,https://github.com/ppy/osu/tree/2cac373365309a40474943f55c56159ed8f9433c/osu.Game/Overlays/Notifications/ProgressNotification.cs#L17-L234,https://github.com/ppy/osu/tree/2cac373365309a40474943f55c56159ed8f9433c
Data_Class,osu.Game.Overlays.NowPlayingOverlay,0,https://github.com/ppy/osu/tree/2cac373365309a40474943f55c56159ed8f9433c/osu.Game/Overlays/NowPlayingOverlay.cs#L28-L426,https://github.com/ppy/osu/tree/2cac373365309a40474943f55c56159ed8f9433c
Data_Class,osu.Game.Overlays.Profile.Header.Components.ExpandDetailsButton,0,https://github.com/ppy/osu/tree/2cac373365309a40474943f55c56159ed8f9433c/osu.Game/Overlays/Profile/Header/Components/ExpandDetailsButton.cs#L13-L43,https://github.com/ppy/osu/tree/2cac373365309a40474943f55c56159ed8f9433c
Data_Class,osu.Game.Overlays.Profile.Header.Components.FollowersButton,0,https://github.com/ppy/osu/tree/2cac373365309a40474943f55c56159ed8f9433c/osu.Game/Overlays/Profile/Header/Components/FollowersButton.cs#L11-L25,https://github.com/ppy/osu/tree/2cac373365309a40474943f55c56159ed8f9433c
Data_Class,osu.Game.Overlays.Profile.Header.Components.LevelBadge,0,https://github.com/ppy/osu/tree/2cac373365309a40474943f55c56159ed8f9433c/osu.Game/Overlays/Profile/Header/Components/LevelBadge.cs#L17-L56,https://github.com/ppy/osu/tree/2cac373365309a40474943f55c56159ed8f9433c
Data_Class,osu.Game.Overlays.Profile.Header.Components.LevelProgressBar,0,https://github.com/ppy/osu/tree/2cac373365309a40474943f55c56159ed8f9433c/osu.Game/Overlays/Profile/Header/Components/LevelProgressBar.cs#L17-L64,https://github.com/ppy/osu/tree/2cac373365309a40474943f55c56159ed8f9433c
Data_Class,osu.Game.Overlays.Profile.Header.Components.MappingSubscribersButton,0,https://github.com/ppy/osu/tree/2cac373365309a40474943f55c56159ed8f9433c/osu.Game/Overlays/Profile/Header/Components/MappingSubscribersButton.cs#L11-L24,https://github.com/ppy/osu/tree/2cac373365309a40474943f55c56159ed8f9433c
Data_Class,osu.Game.Overlays.Profile.Header.Components.MessageUserButton,0,https://github.com/ppy/osu/tree/2cac373365309a40474943f55c56159ed8f9433c/osu.Game/Overlays/Profile/Header/Components/MessageUserButton.cs#L15-L57,https://github.com/ppy/osu/tree/2cac373365309a40474943f55c56159ed8f9433c
Data_Class,osu.Game.Overlays.Profile.Header.Components.OverlinedTotalPlayTime,0,https://github.com/ppy/osu/tree/2cac373365309a40474943f55c56159ed8f9433c/osu.Game/Overlays/Profile/Header/Components/OverlinedTotalPlayTime.cs#L13-L67,https://github.com/ppy/osu/tree/2cac373365309a40474943f55c56159ed8f9433c
Data_Class,osu.Game.Overlays.Profile.Header.DetailHeaderContainer,0,https://github.com/ppy/osu/tree/2cac373365309a40474943f55c56159ed8f9433c/osu.Game/Overlays/Profile/Header/DetailHeaderContainer.cs#L20-L219,https://github.com/ppy/osu/tree/2cac373365309a40474943f55c56159ed8f9433c
Data_Class,osu.Game.Overlays.Settings.Sections.General.LoginSettings,0,https://github.com/ppy/osu/tree/2cac373365309a40474943f55c56159ed8f9433c/osu.Game/Overlays/Settings/Sections/General/LoginSettings.cs#L29-L420,https://github.com/ppy/osu/tree/2cac373365309a40474943f55c56159ed8f9433c
Data_Class,osu.Game.Overlays.Toolbar.Toolbar,0,https://github.com/ppy/osu/tree/2cac373365309a40474943f55c56159ed8f9433c/osu.Game/Overlays/Toolbar/Toolbar.cs#L19-L158,https://github.com/ppy/osu/tree/2cac373365309a40474943f55c56159ed8f9433c
Data_Class,osu.Game.Replays.Legacy.LegacyReplayFrame,0,https://github.com/ppy/osu/tree/2cac373365309a40474943f55c56159ed8f9433c/osu.Game/Replays/Legacy/LegacyReplayFrame.cs#L11-L63,https://github.com/ppy/osu/tree/2cac373365309a40474943f55c56159ed8f9433c
Data_Class,osu.Game.Rulesets.Catch.Difficulty.Preprocessing.CatchDifficultyHitObject,1,https://github.com/ppy/osu/tree/2cac373365309a40474943f55c56159ed8f9433c/osu.Game.Rulesets.Catch/Difficulty/Preprocessing/CatchDifficultyHitObject.cs#L11-L42,https://github.com/ppy/osu/tree/2cac373365309a40474943f55c56159ed8f9433c
Data_Class,osu.Game.Rulesets.Catch.UI.HitExplosion,0,https://github.com/ppy/osu/tree/2cac373365309a40474943f55c56159ed8f9433c/osu.Game.Rulesets.Catch/UI/HitExplosion.cs#L16-L134,https://github.com/ppy/osu/tree/2cac373365309a40474943f55c56159ed8f9433c
Data_Class,osu.Game.Rulesets.Judgements.JudgementResult,1,https://github.com/ppy/osu/tree/2cac373365309a40474943f55c56159ed8f9433c/osu.Game/Rulesets/Judgements/JudgementResult.cs#L14-L87,https://github.com/ppy/osu/tree/2cac373365309a40474943f55c56159ed8f9433c
Data_Class,osu.Game.Rulesets.Objects.HitObject,0,https://github.com/ppy/osu/tree/2cac373365309a40474943f55c56159ed8f9433c/osu.Game/Rulesets/Objects/HitObject.cs#L26-L171,https://github.com/ppy/osu/tree/2cac373365309a40474943f55c56159ed8f9433c
Data_Class,osu.Game.Rulesets.Objects.HitObjectLifetimeEntry,0,https://github.com/ppy/osu/tree/2cac373365309a40474943f55c56159ed8f9433c/osu.Game/Rulesets/Objects/HitObjectLifetimeEntry.cs#L14-L109,https://github.com/ppy/osu/tree/2cac373365309a40474943f55c56159ed8f9433c
Data_Class,osu.Game.Rulesets.Osu.Difficulty.Preprocessing.OsuDifficultyHitObject,1,https://github.com/ppy/osu/tree/2cac373365309a40474943f55c56159ed8f9433c/osu.Game.Rulesets.Osu/Difficulty/Preprocessing/OsuDifficultyHitObject.cs#L13-L140,https://github.com/ppy/osu/tree/2cac373365309a40474943f55c56159ed8f9433c
Data_Class,osu.Game.Rulesets.Osu.Edit.Blueprints.Sliders.Components.PathControlPointConnectionPiece,0,https://github.com/ppy/osu/tree/2cac373365309a40474943f55c56159ed8f9433c/osu.Game.Rulesets.Osu/Edit/Blueprints/Sliders/Components/PathControlPointConnectionPiece.cs#L17-L76,https://github.com/ppy/osu/tree/2cac373365309a40474943f55c56159ed8f9433c
Data_Class,osu.Game.Rulesets.Osu.Judgements.OsuHitCircleJudgementResult,0,https://github.com/ppy/osu/tree/2cac373365309a40474943f55c56159ed8f9433c/osu.Game.Rulesets.Osu/Judgements/OsuHitCircleJudgementResult.cs#L11-L27,https://github.com/ppy/osu/tree/2cac373365309a40474943f55c56159ed8f9433c
Data_Class,osu.Game.Rulesets.Osu.Judgements.OsuSpinnerJudgementResult,0,https://github.com/ppy/osu/tree/2cac373365309a40474943f55c56159ed8f9433c/osu.Game.Rulesets.Osu/Judgements/OsuSpinnerJudgementResult.cs#L10-L51,https://github.com/ppy/osu/tree/2cac373365309a40474943f55c56159ed8f9433c
Data_Class,osu.Game.Rulesets.Osu.Objects.Slider,0,https://github.com/ppy/osu/tree/2cac373365309a40474943f55c56159ed8f9433c/osu.Game.Rulesets.Osu/Objects/Slider.cs#L21-L239,https://github.com/ppy/osu/tree/2cac373365309a40474943f55c56159ed8f9433c
Data_Class,osu.Game.Rulesets.Osu.Skinning.Default.SpinnerFill,0,https://github.com/ppy/osu/tree/2cac373365309a40474943f55c56159ed8f9433c/osu.Game.Rulesets.Osu/Skinning/Default/SpinnerFill.cs#L13-L53,https://github.com/ppy/osu/tree/2cac373365309a40474943f55c56159ed8f9433c
Data_Class,osu.Game.Rulesets.Taiko.Objects.DrumRoll,0,https://github.com/ppy/osu/tree/2cac373365309a40474943f55c56159ed8f9433c/osu.Game.Rulesets.Taiko/Objects/DrumRoll.cs#L18-L126,https://github.com/ppy/osu/tree/2cac373365309a40474943f55c56159ed8f9433c
Data_Class,osu.Game.Rulesets.Taiko.Objects.Hit,0,https://github.com/ppy/osu/tree/2cac373365309a40474943f55c56159ed8f9433c/osu.Game.Rulesets.Taiko/Objects/Hit.cs#L8-L26,https://github.com/ppy/osu/tree/2cac373365309a40474943f55c56159ed8f9433c
Data_Class,osu.Game.Rulesets.Taiko.UI.HitExplosion,0,https://github.com/ppy/osu/tree/2cac373365309a40474943f55c56159ed8f9433c/osu.Game.Rulesets.Taiko/UI/HitExplosion.cs#L19-L78,https://github.com/ppy/osu/tree/2cac373365309a40474943f55c56159ed8f9433c
Data_Class,osu.Game.Rulesets.Taiko.UI.KiaiHitExplosion,0,https://github.com/ppy/osu/tree/2cac373365309a40474943f55c56159ed8f9433c/osu.Game.Rulesets.Taiko/UI/KiaiHitExplosion.cs#L14-L46,https://github.com/ppy/osu/tree/2cac373365309a40474943f55c56159ed8f9433c
Data_Class,osu.Game.Rulesets.Timing.MultiplierControlPoint,0,https://github.com/ppy/osu/tree/2cac373365309a40474943f55c56159ed8f9433c/osu.Game/Rulesets/Timing/MultiplierControlPoint.cs#L13-L64,https://github.com/ppy/osu/tree/2cac373365309a40474943f55c56159ed8f9433c
Data_Class,osu.Game.Rulesets.UI.ModIcon,0,https://github.com/ppy/osu/tree/2cac373365309a40474943f55c56159ed8f9433c/osu.Game/Rulesets/UI/ModIcon.cs#L22-L165,https://github.com/ppy/osu/tree/2cac373365309a40474943f55c56159ed8f9433c
Data_Class,osu.Game.Scoring.ScoreInfo,2,https://github.com/ppy/osu/tree/2cac373365309a40474943f55c56159ed8f9433c/osu.Game/Scoring/ScoreInfo.cs#L21-L280,https://github.com/ppy/osu/tree/2cac373365309a40474943f55c56159ed8f9433c
Data_Class,osu.Game.Screens.Backgrounds.BackgroundScreenBeatmap,0,https://github.com/ppy/osu/tree/2cac373365309a40474943f55c56159ed8f9433c/osu.Game/Screens/Backgrounds/BackgroundScreenBeatmap.cs#L18-L178,https://github.com/ppy/osu/tree/2cac373365309a40474943f55c56159ed8f9433c
Data_Class,osu.Game.Screens.Edit.Compose.Components.SelectionBox,0,https://github.com/ppy/osu/tree/2cac373365309a40474943f55c56159ed8f9433c/osu.Game/Screens/Edit/Compose/Components/SelectionBox.cs#L17-L272,https://github.com/ppy/osu/tree/2cac373365309a40474943f55c56159ed8f9433c
Data_Class,osu.Game.Screens.Edit.Compose.Components.SelectionBoxDragHandle,0,https://github.com/ppy/osu/tree/2cac373365309a40474943f55c56159ed8f9433c/osu.Game/Screens/Edit/Compose/Components/SelectionBoxDragHandle.cs#L15-L104,https://github.com/ppy/osu/tree/2cac373365309a40474943f55c56159ed8f9433c
Data_Class,osu.Game.Screens.Edit.Compose.Components.SelectionBoxDragHandleButton,0,https://github.com/ppy/osu/tree/2cac373365309a40474943f55c56159ed8f9433c/osu.Game/Screens/Edit/Compose/Components/SelectionBoxDragHandleButton.cs#L18-L65,https://github.com/ppy/osu/tree/2cac373365309a40474943f55c56159ed8f9433c
Data_Class,osu.Game.Screens.Edit.Compose.Components.Timeline.TimelineButton,0,https://github.com/ppy/osu/tree/2cac373365309a40474943f55c56159ed8f9433c/osu.Game/Screens/Edit/Compose/Components/Timeline/TimelineButton.cs#L19-L98,https://github.com/ppy/osu/tree/2cac373365309a40474943f55c56159ed8f9433c
Data_Class,osu.Game.Screens.Edit.Compose.Components.Timeline.TimelineHitObjectBlueprint.DragBar,0,https://github.com/ppy/osu/tree/2cac373365309a40474943f55c56159ed8f9433c/osu.Game/Screens/Edit/Compose/Components/Timeline/TimelineHitObjectBlueprint.cs#L285-L408,https://github.com/ppy/osu/tree/2cac373365309a40474943f55c56159ed8f9433c
Data_Class,osu.Game.Screens.Edit.Compose.Components.Timeline.ZoomableScrollContainer,0,https://github.com/ppy/osu/tree/2cac373365309a40474943f55c56159ed8f9433c/osu.Game/Screens/Edit/Compose/Components/Timeline/ZoomableScrollContainer.cs#L17-L203,https://github.com/ppy/osu/tree/2cac373365309a40474943f55c56159ed8f9433c
Data_Class,osu.Game.Screens.Menu.Button,0,https://github.com/ppy/osu/tree/2cac373365309a40474943f55c56159ed8f9433c/osu.Game/Screens/Menu/Button.cs#L30-L321,https://github.com/ppy/osu/tree/2cac373365309a40474943f55c56159ed8f9433c
Data_Class,osu.Game.Screens.Menu.ButtonSystem,0,https://github.com/ppy/osu/tree/2cac373365309a40474943f55c56159ed8f9433c/osu.Game/Screens/Menu/ButtonSystem.cs#L34-L373,https://github.com/ppy/osu/tree/2cac373365309a40474943f55c56159ed8f9433c
Data_Class,osu.Game.Screens.Menu.FlowContainerWithOrigin,0,https://github.com/ppy/osu/tree/2cac373365309a40474943f55c56159ed8f9433c/osu.Game/Screens/Menu/FlowContainerWithOrigin.cs#L13-L35,https://github.com/ppy/osu/tree/2cac373365309a40474943f55c56159ed8f9433c
Data_Class,osu.Game.Screens.OnlinePlay.Components.OverlinedHeader,0,https://github.com/ppy/osu/tree/2cac373365309a40474943f55c56159ed8f9433c/osu.Game/Screens/OnlinePlay/Components/OverlinedHeader.cs#L18-L88,https://github.com/ppy/osu/tree/2cac373365309a40474943f55c56159ed8f9433c
Data_Class,osu.Game.Screens.OnlinePlay.Lounge.Components.DrawableRoom,0,https://github.com/ppy/osu/tree/2cac373365309a40474943f55c56159ed8f9433c/osu.Game/Screens/OnlinePlay/Lounge/Components/DrawableRoom.cs#L29-L248,https://github.com/ppy/osu/tree/2cac373365309a40474943f55c56159ed8f9433c
Data_Class,osu.Game.Screens.OnlinePlay.Multiplayer.Participants.ParticipantPanel,0,https://github.com/ppy/osu/tree/2cac373365309a40474943f55c56159ed8f9433c/osu.Game/Screens/OnlinePlay/Multiplayer/Participants/ParticipantPanel.cs#L28-L211,https://github.com/ppy/osu/tree/2cac373365309a40474943f55c56159ed8f9433c
Data_Class,osu.Game.Screens.Play.GameplayClock,0,https://github.com/ppy/osu/tree/2cac373365309a40474943f55c56159ed8f9433c/osu.Game/Screens/Play/GameplayClock.cs#L20-L76,https://github.com/ppy/osu/tree/2cac373365309a40474943f55c56159ed8f9433c
Data_Class,osu.Game.Screens.Play.HUD.ModDisplay,0,https://github.com/ppy/osu/tree/2cac373365309a40474943f55c56159ed8f9433c/osu.Game/Screens/Play/HUD/ModDisplay.cs#L21-L140,https://github.com/ppy/osu/tree/2cac373365309a40474943f55c56159ed8f9433c
Data_Class,osu.Game.Screens.Play.HUD.PlayerSettingsOverlay,0,https://github.com/ppy/osu/tree/2cac373365309a40474943f55c56159ed8f9433c/osu.Game/Screens/Play/HUD/PlayerSettingsOverlay.cs#L13-L69,https://github.com/ppy/osu/tree/2cac373365309a40474943f55c56159ed8f9433c
Data_Class,osu.Game.Screens.Play.HUDOverlay,0,https://github.com/ppy/osu/tree/2cac373365309a40474943f55c56159ed8f9433c/osu.Game/Screens/Play/HUDOverlay.cs#L24-L385,https://github.com/ppy/osu/tree/2cac373365309a40474943f55c56159ed8f9433c
Data_Class,osu.Game.Screens.Play.PauseOverlay,0,https://github.com/ppy/osu/tree/2cac373365309a40474943f55c56159ed8f9433c/osu.Game/Screens/Play/PauseOverlay.cs#L16-L57,https://github.com/ppy/osu/tree/2cac373365309a40474943f55c56159ed8f9433c
Data_Class,osu.Game.Screens.Play.SongProgress,0,https://github.com/ppy/osu/tree/2cac373365309a40474943f55c56159ed8f9433c/osu.Game/Screens/Play/SongProgress.cs#L20-L176,https://github.com/ppy/osu/tree/2cac373365309a40474943f55c56159ed8f9433c
Data_Class,osu.Game.Screens.Play.SongProgressBar,0,https://github.com/ppy/osu/tree/2cac373365309a40474943f55c56159ed8f9433c/osu.Game/Screens/Play/SongProgressBar.cs#L16-L156,https://github.com/ppy/osu/tree/2cac373365309a40474943f55c56159ed8f9433c
Data_Class,osu.Game.Screens.Play.SquareGraph.Column,0,https://github.com/ppy/osu/tree/2cac373365309a40474943f55c56159ed8f9433c/osu.Game/Screens/Play/SquareGraph.cs#L180-L262,https://github.com/ppy/osu/tree/2cac373365309a40474943f55c56159ed8f9433c
Data_Class,osu.Game.Screens.Select.BeatmapDetailAreaLeaderboardTabItem,0,https://github.com/ppy/osu/tree/2cac373365309a40474943f55c56159ed8f9433c/osu.Game/Screens/Select/BeatmapDetailAreaLeaderboardTabItem.cs#L8-L21,https://github.com/ppy/osu/tree/2cac373365309a40474943f55c56159ed8f9433c
Data_Class,osu.Game.Screens.Select.BeatmapDetailAreaTabControl,0,https://github.com/ppy/osu/tree/2cac373365309a40474943f55c56159ed8f9433c/osu.Game/Screens/Select/BeatmapDetailAreaTabControl.cs#L19-L106,https://github.com/ppy/osu/tree/2cac373365309a40474943f55c56159ed8f9433c
Data_Class,osu.Game.Screens.Select.Carousel.FilterableDifficultyIcon,0,https://github.com/ppy/osu/tree/2cac373365309a40474943f55c56159ed8f9433c/osu.Game/Screens/Select/Carousel/FilterableDifficultyIcon.cs#L11-L34,https://github.com/ppy/osu/tree/2cac373365309a40474943f55c56159ed8f9433c
Data_Class,osu.Game.Screens.Select.Details.AdvancedStats.StatisticRow,0,https://github.com/ppy/osu/tree/2cac373365309a40474943f55c56159ed8f9433c/osu.Game/Screens/Select/Details/AdvancedStats.cs#L179-L285,https://github.com/ppy/osu/tree/2cac373365309a40474943f55c56159ed8f9433c
Data_Class,osu.Game.Screens.Select.FilterCriteria,0,https://github.com/ppy/osu/tree/2cac373365309a40474943f55c56159ed8f9433c/osu.Game/Screens/Select/FilterCriteria.cs#L15-L136,https://github.com/ppy/osu/tree/2cac373365309a40474943f55c56159ed8f9433c
Data_Class,osu.Game.Screens.Select.FooterButton,0,https://github.com/ppy/osu/tree/2cac373365309a40474943f55c56159ed8f9433c/osu.Game/Screens/Select/FooterButton.cs#L18-L180,https://github.com/ppy/osu/tree/2cac373365309a40474943f55c56159ed8f9433c
Data_Class,osu.Game.Screens.Select.Leaderboards.BeatmapLeaderboard,0,https://github.com/ppy/osu/tree/2cac373365309a40474943f55c56159ed8f9433c/osu.Game/Screens/Select/Leaderboards/BeatmapLeaderboard.cs#L19-L178,https://github.com/ppy/osu/tree/2cac373365309a40474943f55c56159ed8f9433c
Data_Class,osu.Game.Skinning.GameplaySkinComponent,0,https://github.com/ppy/osu/tree/2cac373365309a40474943f55c56159ed8f9433c/osu.Game/Skinning/GameplaySkinComponent.cs#L8-L22,https://github.com/ppy/osu/tree/2cac373365309a40474943f55c56159ed8f9433c
Data_Class,osu.Game.Skinning.HUDSkinComponent,0,https://github.com/ppy/osu/tree/2cac373365309a40474943f55c56159ed8f9433c/osu.Game/Skinning/HUDSkinComponent.cs#L8-L21,https://github.com/ppy/osu/tree/2cac373365309a40474943f55c56159ed8f9433c
Data_Class,osu.Game.Skinning.LegacyManiaSkinConfiguration,0,https://github.com/ppy/osu/tree/2cac373365309a40474943f55c56159ed8f9433c/osu.Game/Skinning/LegacyManiaSkinConfiguration.cs#L12-L63,https://github.com/ppy/osu/tree/2cac373365309a40474943f55c56159ed8f9433c
Data_Class,osu.Game.Skinning.SkinConfiguration,0,https://github.com/ppy/osu/tree/2cac373365309a40474943f55c56159ed8f9433c/osu.Game/Skinning/SkinConfiguration.cs#L13-L51,https://github.com/ppy/osu/tree/2cac373365309a40474943f55c56159ed8f9433c
Data_Class,osu.Game.Storyboards.CommandTimelineGroup,0,https://github.com/ppy/osu/tree/2cac373365309a40474943f55c56159ed8f9433c/osu.Game/Storyboards/CommandTimelineGroup.cs#L16-L120,https://github.com/ppy/osu/tree/2cac373365309a40474943f55c56159ed8f9433c
Data_Class,osu.Game.Storyboards.Drawables.DrawableStoryboardLayer,0,https://github.com/ppy/osu/tree/2cac373365309a40474943f55c56159ed8f9433c/osu.Game/Storyboards/Drawables/DrawableStoryboardLayer.cs#L11-L56,https://github.com/ppy/osu/tree/2cac373365309a40474943f55c56159ed8f9433c
Data_Class,osu.Game.Storyboards.Drawables.DrawableStoryboardVideo,0,https://github.com/ppy/osu/tree/2cac373365309a40474943f55c56159ed8f9433c/osu.Game/Storyboards/Drawables/DrawableStoryboardVideo.cs#L15-L64,https://github.com/ppy/osu/tree/2cac373365309a40474943f55c56159ed8f9433c
Data_Class,osu.Game.Tournament.Models.TournamentMatch,1,https://github.com/ppy/osu/tree/2cac373365309a40474943f55c56159ed8f9433c/osu.Game.Tournament/Models/TournamentMatch.cs#L17-L126,https://github.com/ppy/osu/tree/2cac373365309a40474943f55c56159ed8f9433c
Data_Class,osu.Game.Tournament.Models.TournamentTeam,0,https://github.com/ppy/osu/tree/2cac373365309a40474943f55c56159ed8f9433c/osu.Game.Tournament/Models/TournamentTeam.cs#L15-L80,https://github.com/ppy/osu/tree/2cac373365309a40474943f55c56159ed8f9433c
Data_Class,osu.Game.Tournament.Screens.Setup.ActionableInfo,0,https://github.com/ppy/osu/tree/2cac373365309a40474943f55c56159ed8f9433c/osu.Game.Tournament/Screens/Setup/ActionableInfo.cs#L14-L71,https://github.com/ppy/osu/tree/2cac373365309a40474943f55c56159ed8f9433c
Data_Class,osu.Game.Users.Drawables.UpdateableAvatar,0,https://github.com/ppy/osu/tree/2cac373365309a40474943f55c56159ed8f9433c/osu.Game/Users/Drawables/UpdateableAvatar.cs#L14-L77,https://github.com/ppy/osu/tree/2cac373365309a40474943f55c56159ed8f9433c
Data_Class,osu.Game.Users.Drawables.UpdateableFlag,0,https://github.com/ppy/osu/tree/2cac373365309a40474943f55c56159ed8f9433c/osu.Game/Users/Drawables/UpdateableFlag.cs#L12-L49,https://github.com/ppy/osu/tree/2cac373365309a40474943f55c56159ed8f9433c
Data_Class,osu.Game.Users.User,1,https://github.com/ppy/osu/tree/2cac373365309a40474943f55c56159ed8f9433c/osu.Game/Users/User.cs#L12-L274,https://github.com/ppy/osu/tree/2cac373365309a40474943f55c56159ed8f9433c
Data_Class,osu.Game.Users.UserActivity.InLobby,0,https://github.com/ppy/osu/tree/2cac373365309a40474943f55c56159ed8f9433c/osu.Game/Users/UserActivity.cs#L70-L80,https://github.com/ppy/osu/tree/2cac373365309a40474943f55c56159ed8f9433c
Data_Class,osu.Game.Users.UserStatistics,0,https://github.com/ppy/osu/tree/2cac373365309a40474943f55c56159ed8f9433c/osu.Game/Users/UserStatistics.cs#L12-L126,https://github.com/ppy/osu/tree/2cac373365309a40474943f55c56159ed8f9433c
Data_Class,Radarr.Http.Authentication.ApiKeyAuthenticationOptions,0,https://github.com/Radarr/Radarr/tree/5ce1829709e7e1de3953c04e5dab4f3a9d450b38/src/Radarr.Http/Authentication/ApiKeyAuthenticationHandler.cs#L13-L21,https://github.com/Radarr/Radarr/tree/5ce1829709e7e1de3953c04e5dab4f3a9d450b38
Data_Class,Ryujinx.Audio.Renderer.Dsp.State.Reverb3dState,0,https://github.com/Ryujinx/Ryujinx/tree/81e9b86cdb4b2a01cc41b8e8a4dff2c9e3c13843/Ryujinx.Audio/Renderer/Dsp/State/Reverb3dState.cs#L24-L135,https://github.com/Ryujinx/Ryujinx/tree/81e9b86cdb4b2a01cc41b8e8a4dff2c9e3c13843
Data_Class,Ryujinx.Audio.Renderer.Server.Upsampler.UpsamplerState,0,https://github.com/Ryujinx/Ryujinx/tree/81e9b86cdb4b2a01cc41b8e8a4dff2c9e3c13843/Ryujinx.Audio/Renderer/Server/Upsampler/UpsamplerState.cs#L25-L79,https://github.com/Ryujinx/Ryujinx/tree/81e9b86cdb4b2a01cc41b8e8a4dff2c9e3c13843
Data_Class,Ryujinx.Graphics.Shader.Decoders.PushOpInfo,0,https://github.com/Ryujinx/Ryujinx/tree/81e9b86cdb4b2a01cc41b8e8a4dff2c9e3c13843/Ryujinx.Graphics.Shader/Decoders/Block.cs#L8-L18,https://github.com/Ryujinx/Ryujinx/tree/81e9b86cdb4b2a01cc41b8e8a4dff2c9e3c13843
Data_Class,Ryujinx.HLE.HLEConfiguration,0,https://github.com/Ryujinx/Ryujinx/tree/81e9b86cdb4b2a01cc41b8e8a4dff2c9e3c13843/Ryujinx.HLE/HLEConfiguration.cs#L18-L191,https://github.com/Ryujinx/Ryujinx/tree/81e9b86cdb4b2a01cc41b8e8a4dff2c9e3c13843
Data_Class,Ryujinx.HLE.HOS.Services.Account.Acc.UserProfile,0,https://github.com/Ryujinx/Ryujinx/tree/81e9b86cdb4b2a01cc41b8e8a4dff2c9e3c13843/Ryujinx.HLE/HOS/Services/Account/Acc/Types/UserProfile.cs#L5-L88,https://github.com/Ryujinx/Ryujinx/tree/81e9b86cdb4b2a01cc41b8e8a4dff2c9e3c13843
Data_Class,Ryujinx.HLE.HOS.Services.Arp.ApplicationLaunchProperty,0,https://github.com/Ryujinx/Ryujinx/tree/81e9b86cdb4b2a01cc41b8e8a4dff2c9e3c13843/Ryujinx.HLE/HOS/Services/Arp/ApplicationLaunchProperty.cs#L5-L42,https://github.com/Ryujinx/Ryujinx/tree/81e9b86cdb4b2a01cc41b8e8a4dff2c9e3c13843
Data_Class,Ryujinx.HLE.Loaders.Executables.NsoExecutable,0,https://github.com/Ryujinx/Ryujinx/tree/81e9b86cdb4b2a01cc41b8e8a4dff2c9e3c13843/Ryujinx.HLE/Loaders/Executables/NsoExecutable.cs#L12-L115,https://github.com/Ryujinx/Ryujinx/tree/81e9b86cdb4b2a01cc41b8e8a4dff2c9e3c13843
Data_Class,ScreenToGif.Controls.IntegerBox,0,https://github.com/NickeManarin/ScreenToGif/tree/2d318f837946f730e1b2e5c708ae9f776b9e360b/ScreenToGif/Controls/IntegerBox.cs#L11-L420,https://github.com/NickeManarin/ScreenToGif/tree/2d318f837946f730e1b2e5c708ae9f776b9e360b
Data_Class,ScreenToGif.Controls.LightWindow,0,https://github.com/NickeManarin/ScreenToGif/tree/2d318f837946f730e1b2e5c708ae9f776b9e360b/ScreenToGif/Controls/LightWindow.cs#L17-L259,https://github.com/NickeManarin/ScreenToGif/tree/2d318f837946f730e1b2e5c708ae9f776b9e360b
Data_Class,ScreenToGif.Controls.NullableIntegerBox,0,https://github.com/NickeManarin/ScreenToGif/tree/2d318f837946f730e1b2e5c708ae9f776b9e360b/ScreenToGif/Controls/NullableIntegerBox.cs#L10-L345,https://github.com/NickeManarin/ScreenToGif/tree/2d318f837946f730e1b2e5c708ae9f776b9e360b
Data_Class,ScreenToGif.Controls.SelectControl,0,https://github.com/NickeManarin/ScreenToGif/tree/2d318f837946f730e1b2e5c708ae9f776b9e360b/ScreenToGif/Controls/SelectControl.cs#L17-L1666,https://github.com/NickeManarin/ScreenToGif/tree/2d318f837946f730e1b2e5c708ae9f776b9e360b
Data_Class,ScreenToGif.ImageUtil.Psd.AditionalLayers.Metadata,0,https://github.com/NickeManarin/ScreenToGif/tree/2d318f837946f730e1b2e5c708ae9f776b9e360b/ScreenToGif/ImageUtil/Psd/AditionalLayers/Metadata.cs#L8-L31,https://github.com/NickeManarin/ScreenToGif/tree/2d318f837946f730e1b2e5c708ae9f776b9e360b
Data_Class,ShareX.ApplicationConfig,0,https://github.com/ShareX/ShareX/tree/c9a71ed00eda0e7c5a45237b9bcd3f8f614cda63/ShareX/ApplicationConfig.cs#L37-L311,https://github.com/ShareX/ShareX/tree/c9a71ed00eda0e7c5a45237b9bcd3f8f614cda63
Data_Class,ShareX.IndexerLib.IndexerSettings,0,https://github.com/ShareX/ShareX/tree/c9a71ed00eda0e7c5a45237b9bcd3f8f614cda63/ShareX.IndexerLib/IndexerSettings.cs#L33-L84,https://github.com/ShareX/ShareX/tree/c9a71ed00eda0e7c5a45237b9bcd3f8f614cda63
Data_Class,ShareX.MediaLib.VideoThumbnailOptions,0,https://github.com/ShareX/ShareX/tree/c9a71ed00eda0e7c5a45237b9bcd3f8f614cda63/ShareX.MediaLib/VideoThumbnailOptions.cs#L32-L94,https://github.com/ShareX/ShareX/tree/c9a71ed00eda0e7c5a45237b9bcd3f8f614cda63
Data_Class,ShareX.ScreenCaptureLib.AnnotationOptions,0,https://github.com/ShareX/ShareX/tree/c9a71ed00eda0e7c5a45237b9bcd3f8f614cda63/ShareX.ScreenCaptureLib/Shapes/AnnotationOptions.cs#L32-L109,https://github.com/ShareX/ShareX/tree/c9a71ed00eda0e7c5a45237b9bcd3f8f614cda63
Data_Class,ShareX.ScreenCaptureLib.ScrollingCaptureOptions,0,https://github.com/ShareX/ShareX/tree/c9a71ed00eda0e7c5a45237b9bcd3f8f614cda63/ShareX.ScreenCaptureLib/ScrollingCaptureOptions.cs#L30-L72,https://github.com/ShareX/ShareX/tree/c9a71ed00eda0e7c5a45237b9bcd3f8f614cda63
Data_Class,ShareX.TaskSettings,0,https://github.com/ShareX/ShareX/tree/c9a71ed00eda0e7c5a45237b9bcd3f8f614cda63/ShareX/TaskSettings.cs#L43-L276,https://github.com/ShareX/ShareX/tree/c9a71ed00eda0e7c5a45237b9bcd3f8f614cda63
Data_Class,ShareX.TaskSettingsAdvanced,0,https://github.com/ShareX/ShareX/tree/c9a71ed00eda0e7c5a45237b9bcd3f8f614cda63/ShareX/TaskSettings.cs#L416-L578,https://github.com/ShareX/ShareX/tree/c9a71ed00eda0e7c5a45237b9bcd3f8f614cda63
Data_Class,ShareX.UploadersLib.ImageUploaders.PhotobucketAccountInfo,0,https://github.com/ShareX/ShareX/tree/c9a71ed00eda0e7c5a45237b9bcd3f8f614cda63/ShareX.UploadersLib/ImageUploaders/Photobucket.cs#L178-L194,https://github.com/ShareX/ShareX/tree/c9a71ed00eda0e7c5a45237b9bcd3f8f614cda63
Data_Class,ShareX.UploadersLib.UploadersConfig,0,https://github.com/ShareX/ShareX/tree/c9a71ed00eda0e7c5a45237b9bcd3f8f614cda63/ShareX.UploadersLib/UploadersConfig.cs#L35-L527,https://github.com/ShareX/ShareX/tree/c9a71ed00eda0e7c5a45237b9bcd3f8f614cda63
Data_Class,TestTextureSensorComponent,0,https://github.com/Unity-Technologies/ml-agents/tree/cbc1993c6235cdd033754f9659561e840d4b8708/Project/Assets/ML-Agents/TestScenes/TestCompressedTexture/TestTextureSensorComponent.cs#L5-L35,https://github.com/Unity-Technologies/ml-agents/tree/cbc1993c6235cdd033754f9659561e840d4b8708
Data_Class,Unity.MLAgents.DecisionRequester,0,https://github.com/Unity-Technologies/ml-agents/tree/cbc1993c6235cdd033754f9659561e840d4b8708/com.unity.ml-agents/Runtime/DecisionRequester.cs#L20-L121,https://github.com/Unity-Technologies/ml-agents/tree/cbc1993c6235cdd033754f9659561e840d4b8708
Data_Class,Unity.MLAgents.Inference.TensorProxy,0,https://github.com/Unity-Technologies/ml-agents/tree/cbc1993c6235cdd033754f9659561e840d4b8708/com.unity.ml-agents/Runtime/Inference/TensorProxy.cs#L15-L53,https://github.com/Unity-Technologies/ml-agents/tree/cbc1993c6235cdd033754f9659561e840d4b8708
Data_Class,Unity.MLAgents.Policies.BehaviorParameters,0,https://github.com/Unity-Technologies/ml-agents/tree/cbc1993c6235cdd033754f9659561e840d4b8708/com.unity.ml-agents/Runtime/Policies/BehaviorParameters.cs#L71-L279,https://github.com/Unity-Technologies/ml-agents/tree/cbc1993c6235cdd033754f9659561e840d4b8708
Data_Class,VelcroPhysics.Collision.ContactSystem.ContactManager,0,https://github.com/egordorichev/BurningKnight/tree/a55594c11ab681087356af2c129c2d493eba4bd2/VelcroPhysics/Collision/ContactSystem/ContactManager.cs#L32-L344,https://github.com/egordorichev/BurningKnight/tree/a55594c11ab681087356af2c129c2d493eba4bd2
Data_Class,VelcroPhysics.Dynamics.Fixture,0,https://github.com/egordorichev/BurningKnight/tree/a55594c11ab681087356af2c129c2d493eba4bd2/VelcroPhysics/Dynamics/Fixture.cs#L43-L421,https://github.com/egordorichev/BurningKnight/tree/a55594c11ab681087356af2c129c2d493eba4bd2
Data_Class,VelcroPhysics.Extensions.Controllers.Buoyancy.BuoyancyController,0,https://github.com/egordorichev/BurningKnight/tree/a55594c11ab681087356af2c129c2d493eba4bd2/VelcroPhysics/Extensions/Controllers/Buoyancy/BuoyancyController.cs#L12-L304,https://github.com/egordorichev/BurningKnight/tree/a55594c11ab681087356af2c129c2d493eba4bd2
Data_Class,VelcroPhysics.Templates.BodyTemplate,0,https://github.com/egordorichev/BurningKnight/tree/a55594c11ab681087356af2c129c2d493eba4bd2/VelcroPhysics/Templates/BodyTemplate.cs#L6-L100,https://github.com/egordorichev/BurningKnight/tree/a55594c11ab681087356af2c129c2d493eba4bd2
Data_Class,VelcroPhysics.Tools.Triangulation.Delaunay.Delaunay.Sweep.AdvancingFrontNode,1,https://github.com/egordorichev/BurningKnight/tree/a55594c11ab681087356af2c129c2d493eba4bd2/VelcroPhysics/Tools/Triangulation/Delaunay/Delaunay/Sweep/AdvancingFrontNode.cs#L40-L63,https://github.com/egordorichev/BurningKnight/tree/a55594c11ab681087356af2c129c2d493eba4bd2
