Code Smell,Modified Code Snippet ID,Final annotation,Code Snippet ID,,Link,Project Link
Feature_Envy,AgentSoccer.Initialize,0,AgentSoccer.Initialize(),,https://github.com/Unity-Technologies/ml-agents/tree/cbc1993c6235cdd033754f9659561e840d4b8708/Project/Assets/ML-Agents/Examples/Soccer/Scripts/AgentSoccer.cs#L51-L96,https://github.com/Unity-Technologies/ml-agents/tree/cbc1993c6235cdd033754f9659561e840d4b8708
Feature_Envy,CrawlerAgent.CollectObservationBodyPart,0,"CrawlerAgent.CollectObservationBodyPart(Unity.MLAgentsExamples.BodyPart, Unity.MLAgents.Sensors.VectorSensor)",,https://github.com/Unity-Technologies/ml-agents/tree/cbc1993c6235cdd033754f9659561e840d4b8708/Project/Assets/ML-Agents/Examples/Crawler/Scripts/CrawlerAgent.cs#L122-L131,https://github.com/Unity-Technologies/ml-agents/tree/cbc1993c6235cdd033754f9659561e840d4b8708
Feature_Envy,Duplicati.CommandLine.Program.CheckForUpdates,0,Duplicati.CommandLine.Program.CheckForUpdates(TextWriter),,https://github.com/duplicati/duplicati/tree/0a1b32e1887c98c6034c9fafdfddcb8f8f31e207/Duplicati/CommandLine/Program.cs#L107-L128,https://github.com/duplicati/duplicati/tree/0a1b32e1887c98c6034c9fafdfddcb8f8f31e207
Feature_Envy,Duplicati.Library.AutoUpdater.UpdaterManager.CreateUpdatePackage,1,"Duplicati.Library.AutoUpdater.UpdaterManager.CreateUpdatePackage(System.Security.Cryptography.RSACryptoServiceProvider, string, string, string)",,https://github.com/duplicati/duplicati/tree/0a1b32e1887c98c6034c9fafdfddcb8f8f31e207/Duplicati/Library/AutoUpdater/UpdaterManager.cs#L691-L847,https://github.com/duplicati/duplicati/tree/0a1b32e1887c98c6034c9fafdfddcb8f8f31e207
Feature_Envy,Duplicati.Library.AutoUpdater.UpdaterManager.DownloadAndUnpackUpdate,0,"Duplicati.Library.AutoUpdater.UpdaterManager.DownloadAndUnpackUpdate(Duplicati.Library.AutoUpdater.UpdateInfo, Action<double>)",,https://github.com/duplicati/duplicati/tree/0a1b32e1887c98c6034c9fafdfddcb8f8f31e207/Duplicati/Library/AutoUpdater/UpdaterManager.cs#L421-L569,https://github.com/duplicati/duplicati/tree/0a1b32e1887c98c6034c9fafdfddcb8f8f31e207
Feature_Envy,Duplicati.Library.Backend.GoogleDrive.GoogleDrive.PutAsync,0,"Duplicati.Library.Backend.GoogleDrive.GoogleDrive.PutAsync(string, System.IO.Stream, CancellationToken)",,https://github.com/duplicati/duplicati/tree/0a1b32e1887c98c6034c9fafdfddcb8f8f31e207/Duplicati/Library/Backend/GoogleServices/GoogleDrive.cs#L139-L181,https://github.com/duplicati/duplicati/tree/0a1b32e1887c98c6034c9fafdfddcb8f8f31e207
Feature_Envy,Duplicati.Library.Backend.S3Config.Execute,0,"Duplicati.Library.Backend.S3Config.Execute(IDictionary<string, string>)",,https://github.com/duplicati/duplicati/tree/0a1b32e1887c98c6034c9fafdfddcb8f8f31e207/Duplicati/Library/Backend/S3/S3Config.cs#L45-L67,https://github.com/duplicati/duplicati/tree/0a1b32e1887c98c6034c9fafdfddcb8f8f31e207
Feature_Envy,Duplicati.Library.Backend.SharePointBackend.SharePointBackend,0,"Duplicati.Library.Backend.SharePointBackend.SharePointBackend(string, Dictionary<string, string>)",,https://github.com/duplicati/duplicati/tree/0a1b32e1887c98c6034c9fafdfddcb8f8f31e207/Duplicati/Library/Backend/SharePoint/SharePointBackend.cs#L126-L218,https://github.com/duplicati/duplicati/tree/0a1b32e1887c98c6034c9fafdfddcb8f8f31e207
Feature_Envy,Duplicati.Library.Backend.TahoeBackend.List,0,Duplicati.Library.Backend.TahoeBackend.List(),,https://github.com/duplicati/duplicati/tree/0a1b32e1887c98c6034c9fafdfddcb8f8f31e207/Duplicati/Library/Backend/TahoeLAFS/TahoeBackend.cs#L149-L210,https://github.com/duplicati/duplicati/tree/0a1b32e1887c98c6034c9fafdfddcb8f8f31e207
Feature_Envy,Duplicati.Library.Backend.WebApi.GoogleCloudStorage.PutUrl,0,Duplicati.Library.Backend.WebApi.GoogleCloudStorage.PutUrl(string),,https://github.com/duplicati/duplicati/tree/0a1b32e1887c98c6034c9fafdfddcb8f8f31e207/Duplicati/Library/Backend/GoogleServices/WebApi.cs#L97-L105,https://github.com/duplicati/duplicati/tree/0a1b32e1887c98c6034c9fafdfddcb8f8f31e207
Feature_Envy,Duplicati.Library.Main.Controller.CheckAutoVacuumInterval,0,Duplicati.Library.Main.Controller.CheckAutoVacuumInterval(),,https://github.com/duplicati/duplicati/tree/0a1b32e1887c98c6034c9fafdfddcb8f8f31e207/Duplicati/Library/Main/Controller.cs#L1146-L1153,https://github.com/duplicati/duplicati/tree/0a1b32e1887c98c6034c9fafdfddcb8f8f31e207
Feature_Envy,Duplicati.Library.Main.Operation.Backup.SpillCollectorProcess.UploadVolumeAndIndex,0,"Duplicati.Library.Main.Operation.Backup.SpillCollectorProcess.UploadVolumeAndIndex(Duplicati.Library.Main.Operation.Backup.SpillVolumeRequest, IWriteChannel<Duplicati.Library.Main.Operation.Backup.IUploadRequest>, Duplicati.Library.Main.Options, Duplicati.Library.Main.Operation.Backup.BackupDatabase)",,https://github.com/duplicati/duplicati/tree/0a1b32e1887c98c6034c9fafdfddcb8f8f31e207/Duplicati/Library/Main/Operation/Backup/SpillCollectorProcess.cs#L152-L165,https://github.com/duplicati/duplicati/tree/0a1b32e1887c98c6034c9fafdfddcb8f8f31e207
Feature_Envy,Duplicati.Library.Main.Operation.BackupHandler.CompactIfRequired,0,"Duplicati.Library.Main.Operation.BackupHandler.CompactIfRequired(Duplicati.Library.Main.BackendManager, long)",,https://github.com/duplicati/duplicati/tree/0a1b32e1887c98c6034c9fafdfddcb8f8f31e207/Duplicati/Library/Main/Operation/BackupHandler.cs#L268-L287,https://github.com/duplicati/duplicati/tree/0a1b32e1887c98c6034c9fafdfddcb8f8f31e207
Feature_Envy,Duplicati.Library.Main.Operation.Common.IndexVolumeCreator.CreateIndexVolume,0,"Duplicati.Library.Main.Operation.Common.IndexVolumeCreator.CreateIndexVolume(string, Duplicati.Library.Main.Options, Duplicati.Library.Main.Operation.Common.DatabaseCommon)",,https://github.com/duplicati/duplicati/tree/0a1b32e1887c98c6034c9fafdfddcb8f8f31e207/Duplicati/Library/Main/Operation/Common/IndexVolumeCreator.cs#L135-L166,https://github.com/duplicati/duplicati/tree/0a1b32e1887c98c6034c9fafdfddcb8f8f31e207
Feature_Envy,Duplicati.Library.Main.Operation.PurgeFilesHandler.DoRun,1,"Duplicati.Library.Main.Operation.PurgeFilesHandler.DoRun(Duplicati.Library.Main.Database.LocalPurgeDatabase, Duplicati.Library.Utility.IFilter, Action<System.Data.IDbCommand, long, string>, float, float)",,https://github.com/duplicati/duplicati/tree/0a1b32e1887c98c6034c9fafdfddcb8f8f31e207/Duplicati/Library/Main/Operation/PurgeFilesHandler.cs#L59-L260,https://github.com/duplicati/duplicati/tree/0a1b32e1887c98c6034c9fafdfddcb8f8f31e207
Feature_Envy,Duplicati.Server.WebServer.RESTHandler.DoProcess,2,"Duplicati.Server.WebServer.RESTHandler.DoProcess(Duplicati.Server.WebServer.RESTMethods.RequestInfo, string, string, string)",,https://github.com/duplicati/duplicati/tree/0a1b32e1887c98c6034c9fafdfddcb8f8f31e207/Duplicati/Server/WebServer/RESTHandler.cs#L129-L227,https://github.com/duplicati/duplicati/tree/0a1b32e1887c98c6034c9fafdfddcb8f8f31e207
Feature_Envy,Duplicati.Server.WebServer.RESTMethods.Backup.ExportToJSON,0,"Duplicati.Server.WebServer.RESTMethods.Backup.ExportToJSON(Duplicati.Server.Serialization.Interface.IBackup, string)",,https://github.com/duplicati/duplicati/tree/0a1b32e1887c98c6034c9fafdfddcb8f8f31e207/Duplicati/Server/WebServer/RESTMethods/Backup.cs#L176-L207,https://github.com/duplicati/duplicati/tree/0a1b32e1887c98c6034c9fafdfddcb8f8f31e207
Feature_Envy,Duplicati.Server.WebServer.RESTMethods.Backups.ImportBackup,0,Duplicati.Server.WebServer.RESTMethods.Backups.ImportBackup(Duplicati.Server.WebServer.RESTMethods.RequestInfo),,https://github.com/duplicati/duplicati/tree/0a1b32e1887c98c6034c9fafdfddcb8f8f31e207/Duplicati/Server/WebServer/RESTMethods/Backups.cs#L52-L122,https://github.com/duplicati/duplicati/tree/0a1b32e1887c98c6034c9fafdfddcb8f8f31e207
Feature_Envy,Duplicati.Server.WebServer.RESTMethods.Changelog.GET,0,"Duplicati.Server.WebServer.RESTMethods.Changelog.GET(string, Duplicati.Server.WebServer.RESTMethods.RequestInfo)",,https://github.com/duplicati/duplicati/tree/0a1b32e1887c98c6034c9fafdfddcb8f8f31e207/Duplicati/Server/WebServer/RESTMethods/Changelog.cs#L31-L59,https://github.com/duplicati/duplicati/tree/0a1b32e1887c98c6034c9fafdfddcb8f8f31e207
Feature_Envy,Duplicati.Server.WebServer.RESTMethods.ServerSettings.GET,0,"Duplicati.Server.WebServer.RESTMethods.ServerSettings.GET(string, Duplicati.Server.WebServer.RESTMethods.RequestInfo)",,https://github.com/duplicati/duplicati/tree/0a1b32e1887c98c6034c9fafdfddcb8f8f31e207/Duplicati/Server/WebServer/RESTMethods/ServerSettings.cs#L28-L48,https://github.com/duplicati/duplicati/tree/0a1b32e1887c98c6034c9fafdfddcb8f8f31e207
Feature_Envy,Duplicati.Server.WebServer.RESTMethods.ServerState.POST,0,"Duplicati.Server.WebServer.RESTMethods.ServerState.POST(string, Duplicati.Server.WebServer.RESTMethods.RequestInfo)",,https://github.com/duplicati/duplicati/tree/0a1b32e1887c98c6034c9fafdfddcb8f8f31e207/Duplicati/Server/WebServer/RESTMethods/ServerState.cs#L43-L83,https://github.com/duplicati/duplicati/tree/0a1b32e1887c98c6034c9fafdfddcb8f8f31e207
Feature_Envy,Emby.Dlna.Main.DlnaEntryPoint.RegisterServerEndpoints,0,Emby.Dlna.Main.DlnaEntryPoint.RegisterServerEndpoints(),,https://github.com/jellyfin/jellyfin/tree/6c2eb5fc7e872a29b4a0951849681ae0764dbb8e/Emby.Dlna/Main/DlnaEntryPoint.cs#L282-L358,https://github.com/jellyfin/jellyfin/tree/6c2eb5fc7e872a29b4a0951849681ae0764dbb8e
Feature_Envy,Emby.Dlna.Profiles.PopcornHourProfile.PopcornHourProfile,0,Emby.Dlna.Profiles.PopcornHourProfile.PopcornHourProfile(),,https://github.com/jellyfin/jellyfin/tree/6c2eb5fc7e872a29b4a0951849681ae0764dbb8e/Emby.Dlna/Profiles/PopcornHourProfile.cs#L10-L223,https://github.com/jellyfin/jellyfin/tree/6c2eb5fc7e872a29b4a0951849681ae0764dbb8e
Feature_Envy,Emby.Dlna.Profiles.SonyBravia2012Profile.SonyBravia2012Profile,0,Emby.Dlna.Profiles.SonyBravia2012Profile.SonyBravia2012Profile(),,https://github.com/jellyfin/jellyfin/tree/6c2eb5fc7e872a29b4a0951849681ae0764dbb8e/Emby.Dlna/Profiles/SonyBravia2012Profile.cs#L10-L305,https://github.com/jellyfin/jellyfin/tree/6c2eb5fc7e872a29b4a0951849681ae0764dbb8e
Feature_Envy,Emby.Photos.PhotoProvider.HasChanged,0,"Emby.Photos.PhotoProvider.HasChanged(MediaBrowser.Controller.Entities.BaseItem, MediaBrowser.Controller.Providers.IDirectoryService)",,https://github.com/jellyfin/jellyfin/tree/6c2eb5fc7e872a29b4a0951849681ae0764dbb8e/Emby.Photos/PhotoProvider.cs#L46-L55,https://github.com/jellyfin/jellyfin/tree/6c2eb5fc7e872a29b4a0951849681ae0764dbb8e
Feature_Envy,Emby.Server.Implementations.Data.SqliteItemRepository.SaveMediaStreams,0,"Emby.Server.Implementations.Data.SqliteItemRepository.SaveMediaStreams(Guid, List<MediaBrowser.Model.Entities.MediaStream>, CancellationToken)",,https://github.com/jellyfin/jellyfin/tree/6c2eb5fc7e872a29b4a0951849681ae0764dbb8e/Emby.Server.Implementations/Data/SqliteItemRepository.cs#L5923-L5952,https://github.com/jellyfin/jellyfin/tree/6c2eb5fc7e872a29b4a0951849681ae0764dbb8e
Feature_Envy,Emby.Server.Implementations.EntryPoints.ExternalPortForwarding.GetConfigIdentifier,0,Emby.Server.Implementations.EntryPoints.ExternalPortForwarding.GetConfigIdentifier(),,https://github.com/jellyfin/jellyfin/tree/6c2eb5fc7e872a29b4a0951849681ae0764dbb8e/Emby.Server.Implementations/EntryPoints/ExternalPortForwarding.cs#L57-L71,https://github.com/jellyfin/jellyfin/tree/6c2eb5fc7e872a29b4a0951849681ae0764dbb8e
Feature_Envy,Emby.Server.Implementations.Library.Validators.PeopleValidator.ValidatePeople,0,"Emby.Server.Implementations.Library.Validators.PeopleValidator.ValidatePeople(CancellationToken, IProgress<double>)",,https://github.com/jellyfin/jellyfin/tree/6c2eb5fc7e872a29b4a0951849681ae0764dbb8e/Emby.Server.Implementations/Library/Validators/PeopleValidator.cs#L49-L119,https://github.com/jellyfin/jellyfin/tree/6c2eb5fc7e872a29b4a0951849681ae0764dbb8e
Feature_Envy,Emby.Server.Implementations.LiveTv.LiveTvManager.GetProgram,2,"Emby.Server.Implementations.LiveTv.LiveTvManager.GetProgram(MediaBrowser.Controller.LiveTv.ProgramInfo, Dictionary<Guid, MediaBrowser.Controller.LiveTv.LiveTvProgram>, MediaBrowser.Controller.LiveTv.LiveTvChannel, MediaBrowser.Model.LiveTv.ChannelType, string, CancellationToken)",,https://github.com/jellyfin/jellyfin/tree/6c2eb5fc7e872a29b4a0951849681ae0764dbb8e/Emby.Server.Implementations/LiveTv/LiveTvManager.cs#L521-L774,https://github.com/jellyfin/jellyfin/tree/6c2eb5fc7e872a29b4a0951849681ae0764dbb8e
Feature_Envy,Emby.Server.Implementations.Security.AuthenticationRepository.Update,0,Emby.Server.Implementations.Security.AuthenticationRepository.Update(MediaBrowser.Controller.Security.AuthenticationInfo),,https://github.com/jellyfin/jellyfin/tree/6c2eb5fc7e872a29b4a0951849681ae0764dbb8e/Emby.Server.Implementations/Security/AuthenticationRepository.cs#L115-L146,https://github.com/jellyfin/jellyfin/tree/6c2eb5fc7e872a29b4a0951849681ae0764dbb8e
Feature_Envy,Files.Filesystem.Cloud.Providers.BoxCloudProvider.DetectAsync,0,Files.Filesystem.Cloud.Providers.BoxCloudProvider.DetectAsync(),,https://github.com/files-community/Files/tree/89c33841813a5590e6bf44fb02bb7d06348320c3/Files/Filesystem/Cloud/Providers/BoxCloudProvider.cs#L13-L50,https://github.com/files-community/Files/tree/89c33841813a5590e6bf44fb02bb7d06348320c3
Feature_Envy,Files.Filesystem.LibraryItem.LibraryItem,0,"Files.Filesystem.LibraryItem.LibraryItem(Files.Filesystem.LibraryLocationItem, string)",,https://github.com/files-community/Files/tree/89c33841813a5590e6bf44fb02bb7d06348320c3/Files/Filesystem/ListedItem.cs#L520-L534,https://github.com/files-community/Files/tree/89c33841813a5590e6bf44fb02bb7d06348320c3
Feature_Envy,Files.Filesystem.LibraryLocationItem.LibraryLocationItem,0,Files.Filesystem.LibraryLocationItem.LibraryLocationItem(Files.Common.ShellLibraryItem),,https://github.com/files-community/Files/tree/89c33841813a5590e6bf44fb02bb7d06348320c3/Files/Filesystem/LibraryLocationItem.cs#L16-L24,https://github.com/files-community/Files/tree/89c33841813a5590e6bf44fb02bb7d06348320c3
Feature_Envy,Files.Filesystem.Search.FolderSearch.GetListedItemAsync,0,"Files.Filesystem.Search.FolderSearch.GetListedItemAsync(string, Files.Helpers.NativeFindStorageItemHelper.WIN32_FIND_DATA)",,https://github.com/files-community/Files/tree/89c33841813a5590e6bf44fb02bb7d06348320c3/Files/Filesystem/Search/FolderSearch.cs#L332-L388,https://github.com/files-community/Files/tree/89c33841813a5590e6bf44fb02bb7d06348320c3
Feature_Envy,Files.Filesystem.StorageEnumerators.UniversalStorageEnumerator.AddFolderAsync,0,"Files.Filesystem.StorageEnumerators.UniversalStorageEnumerator.AddFolderAsync(Files.Filesystem.StorageItems.BaseStorageFolder, Files.Filesystem.StorageFolderWithPath, string, CancellationToken)",,https://github.com/files-community/Files/tree/89c33841813a5590e6bf44fb02bb7d06348320c3/Files/Filesystem/StorageEnumerators/UniversalStorageEnumerator.cs#L159-L181,https://github.com/files-community/Files/tree/89c33841813a5590e6bf44fb02bb7d06348320c3
Feature_Envy,Files.Filesystem.StorageFileExtensions.GetFoldersWithPathAsync,0,"Files.Filesystem.StorageFileExtensions.GetFoldersWithPathAsync(Files.Filesystem.StorageFolderWithPath, uint)",,https://github.com/files-community/Files/tree/89c33841813a5590e6bf44fb02bb7d06348320c3/Files/Filesystem/StorageFileHelpers/StorageFileExtensions.cs#L206-L210,https://github.com/files-community/Files/tree/89c33841813a5590e6bf44fb02bb7d06348320c3
Feature_Envy,Files.Filesystem.StorageItems.FtpStorageFile.OpenSequentialReadAsync,0,Files.Filesystem.StorageItems.FtpStorageFile.OpenSequentialReadAsync(),,https://github.com/files-community/Files/tree/89c33841813a5590e6bf44fb02bb7d06348320c3/Files/Filesystem/StorageItems/FtpStorageFile.cs#L278-L295,https://github.com/files-community/Files/tree/89c33841813a5590e6bf44fb02bb7d06348320c3
Feature_Envy,Files.Filesystem.StorageItems.FtpStorageFolder.CreateFolderAsync,0,"Files.Filesystem.StorageItems.FtpStorageFolder.CreateFolderAsync(string, CreationCollisionOption)",,https://github.com/files-community/Files/tree/89c33841813a5590e6bf44fb02bb7d06348320c3/Files/Filesystem/StorageItems/FtpStorageFolder.cs#L94-L122,https://github.com/files-community/Files/tree/89c33841813a5590e6bf44fb02bb7d06348320c3
Feature_Envy,Files.Filesystem.StorageItems.FtpStorageFolder.GetItemAsync,0,Files.Filesystem.StorageItems.FtpStorageFolder.GetItemAsync(string),,https://github.com/files-community/Files/tree/89c33841813a5590e6bf44fb02bb7d06348320c3/Files/Filesystem/StorageItems/FtpStorageFolder.cs#L140-L168,https://github.com/files-community/Files/tree/89c33841813a5590e6bf44fb02bb7d06348320c3
Feature_Envy,Files.Helpers.ContextFlyouts.ItemModelListToContextFlyoutHelper.GetItem,1,Files.Helpers.ContextFlyouts.ItemModelListToContextFlyoutHelper.GetItem(Files.ViewModels.ContextMenuFlyoutItemViewModel),,https://github.com/files-community/Files/tree/89c33841813a5590e6bf44fb02bb7d06348320c3/Files/Helpers/ItemModelListToContextFlyoutHelper.cs#L90-L159,https://github.com/files-community/Files/tree/89c33841813a5590e6bf44fb02bb7d06348320c3
Feature_Envy,Files.Helpers.NavigationHelpers.OpenDirectory,0,"Files.Helpers.NavigationHelpers.OpenDirectory(string, Files.IShellPage, IEnumerable<string>, Files.Filesystem.ShortcutItem)",,https://github.com/files-community/Files/tree/89c33841813a5590e6bf44fb02bb7d06348320c3/Files/Helpers/NavigationHelpers.cs#L246-L334,https://github.com/files-community/Files/tree/89c33841813a5590e6bf44fb02bb7d06348320c3
Feature_Envy,Files.Interacts.BaseLayoutCommandImplementationModel.DecompressArchiveHere,0,Files.Interacts.BaseLayoutCommandImplementationModel.DecompressArchiveHere(),,https://github.com/files-community/Files/tree/89c33841813a5590e6bf44fb02bb7d06348320c3/Files/Interacts/BaseLayoutCommandImplementationModel.cs#L705-L739,https://github.com/files-community/Files/tree/89c33841813a5590e6bf44fb02bb7d06348320c3
Feature_Envy,Files.ViewModels.MainPageViewModel.AddNewTabByPathAsync,1,"Files.ViewModels.MainPageViewModel.AddNewTabByPathAsync(Type, string, int)",,https://github.com/files-community/Files/tree/89c33841813a5590e6bf44fb02bb7d06348320c3/Files/ViewModels/MainPageViewModel.cs#L177-L200,https://github.com/files-community/Files/tree/89c33841813a5590e6bf44fb02bb7d06348320c3
Feature_Envy,Files.ViewModels.MainPageViewModel.GetSelectedTabInfoAsync,0,Files.ViewModels.MainPageViewModel.GetSelectedTabInfoAsync(string),,https://github.com/files-community/Files/tree/89c33841813a5590e6bf44fb02bb7d06348320c3/Files/ViewModels/MainPageViewModel.cs#L225-L323,https://github.com/files-community/Files/tree/89c33841813a5590e6bf44fb02bb7d06348320c3
Feature_Envy,Files.ViewModels.MainPageViewModel.OnNavigatedTo,0,Files.ViewModels.MainPageViewModel.OnNavigatedTo(NavigationEventArgs),,https://github.com/files-community/Files/tree/89c33841813a5590e6bf44fb02bb7d06348320c3/Files/ViewModels/MainPageViewModel.cs#L325-L421,https://github.com/files-community/Files/tree/89c33841813a5590e6bf44fb02bb7d06348320c3
Feature_Envy,Files.ViewModels.Properties.FileProperties.ClearPropertiesAsync,0,Files.ViewModels.Properties.FileProperties.ClearPropertiesAsync(),,https://github.com/files-community/Files/tree/89c33841813a5590e6bf44fb02bb7d06348320c3/Files/ViewModels/Properties/FileProperties.cs#L264-L298,https://github.com/files-community/Files/tree/89c33841813a5590e6bf44fb02bb7d06348320c3
Feature_Envy,Files.ViewModels.Properties.FileProperties.GetSystemFileProperties,0,Files.ViewModels.Properties.FileProperties.GetSystemFileProperties(),,https://github.com/files-community/Files/tree/89c33841813a5590e6bf44fb02bb7d06348320c3/Files/ViewModels/Properties/FileProperties.cs#L164-L186,https://github.com/files-community/Files/tree/89c33841813a5590e6bf44fb02bb7d06348320c3
Feature_Envy,Files.ViewModels.Properties.SecurityProperties.SetFileOwner,0,Files.ViewModels.Properties.SecurityProperties.SetFileOwner(string),,https://github.com/files-community/Files/tree/89c33841813a5590e6bf44fb02bb7d06348320c3/Files/ViewModels/Properties/SecurityProperties.cs#L292-L310,https://github.com/files-community/Files/tree/89c33841813a5590e6bf44fb02bb7d06348320c3
Feature_Envy,Files.ViewModels.Widgets.Bundles.BundleContainerViewModel.AddItemsFromPath,0,"Files.ViewModels.Widgets.Bundles.BundleContainerViewModel.AddItemsFromPath(IDictionary<string, Files.Filesystem.FilesystemItemType>)",,https://github.com/files-community/Files/tree/89c33841813a5590e6bf44fb02bb7d06348320c3/Files/ViewModels/Widgets/Bundles/BundleContainerViewModel.cs#L460-L469,https://github.com/files-community/Files/tree/89c33841813a5590e6bf44fb02bb7d06348320c3
Feature_Envy,FilesFullTrust.NetworkDrivesAPI.OpenMapNetworkDriveDialog,0,FilesFullTrust.NetworkDrivesAPI.OpenMapNetworkDriveDialog(long),,https://github.com/files-community/Files/tree/89c33841813a5590e6bf44fb02bb7d06348320c3/Files.Launcher/NetworkDrivesAPI.cs#L111-L119,https://github.com/files-community/Files/tree/89c33841813a5590e6bf44fb02bb7d06348320c3
Feature_Envy,GitCommands.CommitDataManager.CreateFromRevision,1,"GitCommands.CommitDataManager.CreateFromRevision(GitUIPluginInterfaces.GitRevision, IReadOnlyList<GitUIPluginInterfaces.ObjectId>?)",,https://github.com/gitextensions/gitextensions/tree/a866c36b3948dbdddc5e62ade639edc79603a81d/GitCommands/CommitDataManager.cs#L158-L180,https://github.com/gitextensions/gitextensions/tree/a866c36b3948dbdddc5e62ade639edc79603a81d
Feature_Envy,GitCommands.Executable.ProcessWrapper.ProcessWrapper,0,"GitCommands.Executable.ProcessWrapper.ProcessWrapper(string, string, string, bool, bool, bool, Encoding?, bool, bool)",,https://github.com/gitextensions/gitextensions/tree/a866c36b3948dbdddc5e62ade639edc79603a81d/GitCommands/Git/Executable.cs#L74-L139,https://github.com/gitextensions/gitextensions/tree/a866c36b3948dbdddc5e62ade639edc79603a81d
Feature_Envy,GitCommands.Git.GitItemStatusConverter.FromStatusCharacter,1,"GitCommands.Git.GitItemStatusConverter.FromStatusCharacter(GitCommands.StagedStatus, string, char)",,https://github.com/gitextensions/gitextensions/tree/a866c36b3948dbdddc5e62ade639edc79603a81d/GitCommands/Git/GitItemStatusConverter.cs#L5-L22,https://github.com/gitextensions/gitextensions/tree/a866c36b3948dbdddc5e62ade639edc79603a81d
Feature_Envy,GitCommands.GitModule.GetFileContentsAsync,1,GitCommands.GitModule.GetFileContentsAsync(GitCommands.GitItemStatus),,https://github.com/gitextensions/gitextensions/tree/a866c36b3948dbdddc5e62ade639edc79603a81d/GitCommands/Git/GitModule.cs#L2758-L2783,https://github.com/gitextensions/gitextensions/tree/a866c36b3948dbdddc5e62ade639edc79603a81d
Feature_Envy,GitCommands.GitModule.GetRebasePatchFiles,0,GitCommands.GitModule.GetRebasePatchFiles(),,https://github.com/gitextensions/gitextensions/tree/a866c36b3948dbdddc5e62ade639edc79603a81d/GitCommands/Git/GitModule.cs#L1976-L2093,https://github.com/gitextensions/gitextensions/tree/a866c36b3948dbdddc5e62ade639edc79603a81d
Feature_Envy,GitExtensions.Plugins.BackgroundFetch.BackgroundFetchPlugin.BackgroundFetchPlugin,0,GitExtensions.Plugins.BackgroundFetch.BackgroundFetchPlugin.BackgroundFetchPlugin(),,https://github.com/gitextensions/gitextensions/tree/a866c36b3948dbdddc5e62ade639edc79603a81d/Plugins/BackgroundFetch/BackgroundFetchPlugin.cs#L19-L25,https://github.com/gitextensions/gitextensions/tree/a866c36b3948dbdddc5e62ade639edc79603a81d
Feature_Envy,GitExtensions.Plugins.CreateLocalBranches.CreateLocalBranchesPlugin.CreateLocalBranchesPlugin,0,GitExtensions.Plugins.CreateLocalBranches.CreateLocalBranchesPlugin.CreateLocalBranchesPlugin(),,https://github.com/gitextensions/gitextensions/tree/a866c36b3948dbdddc5e62ade639edc79603a81d/Plugins/CreateLocalBranches/CreateLocalBranchesPlugin.cs#L12-L18,https://github.com/gitextensions/gitextensions/tree/a866c36b3948dbdddc5e62ade639edc79603a81d
Feature_Envy,GitExtensions.Plugins.GitStatistics.PieChart.PieChart3D.FindPieSliceUnderPoint,0,GitExtensions.Plugins.GitStatistics.PieChart.PieChart3D.FindPieSliceUnderPoint(PointF),,https://github.com/gitextensions/gitextensions/tree/a866c36b3948dbdddc5e62ade639edc79603a81d/Plugins/Statistics/GitStatistics/PieChart/PieChart3D.cs#L452-L564,https://github.com/gitextensions/gitextensions/tree/a866c36b3948dbdddc5e62ade639edc79603a81d
Feature_Envy,GitExtensions.Plugins.Gource.GourcePlugin.GourcePlugin,0,GitExtensions.Plugins.Gource.GourcePlugin.GourcePlugin(),,https://github.com/gitextensions/gitextensions/tree/a866c36b3948dbdddc5e62ade639edc79603a81d/Plugins/Gource/GourcePlugin.cs#L36-L42,https://github.com/gitextensions/gitextensions/tree/a866c36b3948dbdddc5e62ade639edc79603a81d
Feature_Envy,GitExtensions.Plugins.JiraCommitHintPlugin.JiraCommitHintPlugin.gitUiCommands_PostRepositoryChanged,0,"GitExtensions.Plugins.JiraCommitHintPlugin.JiraCommitHintPlugin.gitUiCommands_PostRepositoryChanged(object, GitUIPluginInterfaces.GitUIEventArgs)",,https://github.com/gitextensions/gitextensions/tree/a866c36b3948dbdddc5e62ade639edc79603a81d/Plugins/JiraCommitHintPlugin/JiraCommitHintPlugin.cs#L255-L273,https://github.com/gitextensions/gitextensions/tree/a866c36b3948dbdddc5e62ade639edc79603a81d
Feature_Envy,GitExtensions.Program.LocateMissingGit,0,GitExtensions.Program.LocateMissingGit(),,https://github.com/gitextensions/gitextensions/tree/a866c36b3948dbdddc5e62ade639edc79603a81d/GitExtensions/Program.cs#L319-L353,https://github.com/gitextensions/gitextensions/tree/a866c36b3948dbdddc5e62ade639edc79603a81d
Feature_Envy,GitExtensions.Program.Main,0,GitExtensions.Program.Main(),,https://github.com/gitextensions/gitextensions/tree/a866c36b3948dbdddc5e62ade639edc79603a81d/GitExtensions/Program.cs#L27-L94,https://github.com/gitextensions/gitextensions/tree/a866c36b3948dbdddc5e62ade639edc79603a81d
Feature_Envy,GitUI.CommandsDialogs.BrowseDialog.GitStatusMonitor.Init,0,GitUI.CommandsDialogs.BrowseDialog.GitStatusMonitor.Init(GitUI.IGitUICommandsSource),,https://github.com/gitextensions/gitextensions/tree/a866c36b3948dbdddc5e62ade639edc79603a81d/GitUI/CommandsDialogs/BrowseDialog/GitStatusMonitor.cs#L270-L323,https://github.com/gitextensions/gitextensions/tree/a866c36b3948dbdddc5e62ade639edc79603a81d
Feature_Envy,GitUI.CommandsDialogs.FormSparseWorkingCopy.BindSaveOnClose,0,GitUI.CommandsDialogs.FormSparseWorkingCopy.BindSaveOnClose(GitUI.CommandsDialogs.FormSparseWorkingCopyViewModel),,https://github.com/gitextensions/gitextensions/tree/a866c36b3948dbdddc5e62ade639edc79603a81d/GitUI/CommandsDialogs/FormSparseWorkingCopy.cs#L31-L72,https://github.com/gitextensions/gitextensions/tree/a866c36b3948dbdddc5e62ade639edc79603a81d
Feature_Envy,GitUI.Editor.CommitMessageHighlightingStrategy.MarkTokens,0,"GitUI.Editor.CommitMessageHighlightingStrategy.MarkTokens(IDocument, IList<LineSegment>)",,https://github.com/gitextensions/gitextensions/tree/a866c36b3948dbdddc5e62ade639edc79603a81d/GitUI/Editor/CommitMessageHighlightingStrategy.cs#L25-L169,https://github.com/gitextensions/gitextensions/tree/a866c36b3948dbdddc5e62ade639edc79603a81d
Feature_Envy,Jellyfin.Api.Controllers.PlaylistsController.CreatePlaylist,0,"Jellyfin.Api.Controllers.PlaylistsController.CreatePlaylist(string?, IReadOnlyList<Guid>, Guid?, string?, Jellyfin.Api.Models.PlaylistDtos.CreatePlaylistDto?)",,https://github.com/jellyfin/jellyfin/tree/6c2eb5fc7e872a29b4a0951849681ae0764dbb8e/Jellyfin.Api/Controllers/PlaylistsController.cs#L72-L95,https://github.com/jellyfin/jellyfin/tree/6c2eb5fc7e872a29b4a0951849681ae0764dbb8e
Feature_Envy,Jellyfin.Api.Helpers.RequestHelpers.GetSession,0,"Jellyfin.Api.Helpers.RequestHelpers.GetSession(MediaBrowser.Controller.Session.ISessionManager, MediaBrowser.Controller.Net.IAuthorizationContext, HttpRequest)",,https://github.com/jellyfin/jellyfin/tree/6c2eb5fc7e872a29b4a0951849681ae0764dbb8e/Jellyfin.Api/Helpers/RequestHelpers.cs#L78-L96,https://github.com/jellyfin/jellyfin/tree/6c2eb5fc7e872a29b4a0951849681ae0764dbb8e
Feature_Envy,Jellyfin.Server.Extensions.ApiServiceCollectionExtensions.AddProxyAddresses,0,"Jellyfin.Server.Extensions.ApiServiceCollectionExtensions.AddProxyAddresses(Jellyfin.Networking.Configuration.NetworkConfiguration, string[], ForwardedHeadersOptions)",,https://github.com/jellyfin/jellyfin/tree/6c2eb5fc7e872a29b4a0951849681ae0764dbb8e/Jellyfin.Server/Extensions/ApiServiceCollectionExtensions.cs#L330-L346,https://github.com/jellyfin/jellyfin/tree/6c2eb5fc7e872a29b4a0951849681ae0764dbb8e
Feature_Envy,Jellyfin.Server.Implementations.Activity.ActivityManager.ConvertToOldModel,1,Jellyfin.Server.Implementations.Activity.ActivityManager.ConvertToOldModel(Jellyfin.Data.Entities.ActivityLog),,https://github.com/jellyfin/jellyfin/tree/6c2eb5fc7e872a29b4a0951849681ae0764dbb8e/Jellyfin.Server.Implementations/Activity/ActivityManager.cs#L87-L101,https://github.com/jellyfin/jellyfin/tree/6c2eb5fc7e872a29b4a0951849681ae0764dbb8e
Feature_Envy,Jellyfin.Server.Implementations.Users.UserManager.AuthenticateLocalUser,0,"Jellyfin.Server.Implementations.Users.UserManager.AuthenticateLocalUser(string, string, Jellyfin.Data.Entities.User?, string)",,https://github.com/jellyfin/jellyfin/tree/6c2eb5fc7e872a29b4a0951849681ae0764dbb8e/Jellyfin.Server.Implementations/Users/UserManager.cs#L796-L835,https://github.com/jellyfin/jellyfin/tree/6c2eb5fc7e872a29b4a0951849681ae0764dbb8e
Feature_Envy,Jellyfin.Server.Implementations.Users.UserManager.UpdateConfigurationAsync,2,"Jellyfin.Server.Implementations.Users.UserManager.UpdateConfigurationAsync(Guid, MediaBrowser.Model.Configuration.UserConfiguration)",,https://github.com/jellyfin/jellyfin/tree/6c2eb5fc7e872a29b4a0951849681ae0764dbb8e/Jellyfin.Server.Implementations/Users/UserManager.cs#L615-L646,https://github.com/jellyfin/jellyfin/tree/6c2eb5fc7e872a29b4a0951849681ae0764dbb8e
Feature_Envy,MediaBrowser.Controller.Entities.BaseItem.SetImage,1,"MediaBrowser.Controller.Entities.BaseItem.SetImage(MediaBrowser.Controller.Entities.ItemImageInfo, int)",,https://github.com/jellyfin/jellyfin/tree/6c2eb5fc7e872a29b4a0951849681ae0764dbb8e/MediaBrowser.Controller/Entities/BaseItem.cs#L2220-L2246,https://github.com/jellyfin/jellyfin/tree/6c2eb5fc7e872a29b4a0951849681ae0764dbb8e
Feature_Envy,MediaBrowser.Controller.Entities.TV.Series.GetChildCount,0,MediaBrowser.Controller.Entities.TV.Series.GetChildCount(Jellyfin.Data.Entities.User),,https://github.com/jellyfin/jellyfin/tree/6c2eb5fc7e872a29b4a0951849681ae0764dbb8e/MediaBrowser.Controller/Entities/TV/Series.cs#L118-L136,https://github.com/jellyfin/jellyfin/tree/6c2eb5fc7e872a29b4a0951849681ae0764dbb8e
Feature_Envy,MediaBrowser.LocalMetadata.Parsers.BaseItemXmlParser.FetchDataFromXmlNode,0,"MediaBrowser.LocalMetadata.Parsers.BaseItemXmlParser<T>.FetchDataFromXmlNode(XmlReader, MediaBrowser.Controller.Providers.MetadataResult<T>)",,https://github.com/jellyfin/jellyfin/tree/6c2eb5fc7e872a29b4a0951849681ae0764dbb8e/MediaBrowser.LocalMetadata/Parsers/BaseItemXmlParser.cs#L134-L701,https://github.com/jellyfin/jellyfin/tree/6c2eb5fc7e872a29b4a0951849681ae0764dbb8e
Feature_Envy,MediaBrowser.Model.Dlna.DeviceProfile.GetModelProfileCondition,1,MediaBrowser.Model.Dlna.DeviceProfile.GetModelProfileCondition(MediaBrowser.Model.Dlna.ProfileCondition),,https://github.com/jellyfin/jellyfin/tree/6c2eb5fc7e872a29b4a0951849681ae0764dbb8e/MediaBrowser.Model/Dlna/DeviceProfile.cs#L369-L378,https://github.com/jellyfin/jellyfin/tree/6c2eb5fc7e872a29b4a0951849681ae0764dbb8e
Feature_Envy,MediaBrowser.XbmcMetadata.Parsers.BaseNfoParser.FetchFromVideoNode,0,"MediaBrowser.XbmcMetadata.Parsers.BaseNfoParser<T>.FetchFromVideoNode(XmlReader, T)",,https://github.com/jellyfin/jellyfin/tree/6c2eb5fc7e872a29b4a0951849681ae0764dbb8e/MediaBrowser.XbmcMetadata/Parsers/BaseNfoParser.cs#L853-L956,https://github.com/jellyfin/jellyfin/tree/6c2eb5fc7e872a29b4a0951849681ae0764dbb8e
Feature_Envy,NetSpell.SpellChecker.Dictionary.WordDictionary.Contains,0,NetSpell.SpellChecker.Dictionary.WordDictionary.Contains(string),,https://github.com/gitextensions/gitextensions/tree/a866c36b3948dbdddc5e62ade639edc79603a81d/Externals/NetSpell.SpellChecker/Dictionary/WordDictionary.cs#L205-L294,https://github.com/gitextensions/gitextensions/tree/a866c36b3948dbdddc5e62ade639edc79603a81d
Feature_Envy,NetSpell.SpellChecker.Dictionary.WordDictionary.Initialize,0,NetSpell.SpellChecker.Dictionary.WordDictionary.Initialize(),,https://github.com/gitextensions/gitextensions/tree/a866c36b3948dbdddc5e62ade639edc79603a81d/Externals/NetSpell.SpellChecker/Dictionary/WordDictionary.cs#L366-L533,https://github.com/gitextensions/gitextensions/tree/a866c36b3948dbdddc5e62ade639edc79603a81d
Feature_Envy,Newtonsoft.Json.Converters.KeyValuePairConverter.ReadJson,0,"Newtonsoft.Json.Converters.KeyValuePairConverter.ReadJson(Newtonsoft.Json.JsonReader, Type, object?, Newtonsoft.Json.JsonSerializer)",,https://github.com/JamesNK/Newtonsoft.Json/tree/52e257ee57899296d81a868b32300f0b3cfeacbe/Src/Newtonsoft.Json/Converters/KeyValuePairConverter.cs#L87-L136,https://github.com/JamesNK/Newtonsoft.Json/tree/52e257ee57899296d81a868b32300f0b3cfeacbe
Feature_Envy,Newtonsoft.Json.JsonValidatingReader.WriteToken,1,Newtonsoft.Json.JsonValidatingReader.WriteToken(IList<Newtonsoft.Json.Schema.JsonSchemaModel>),,https://github.com/JamesNK/Newtonsoft.Json/tree/52e257ee57899296d81a868b32300f0b3cfeacbe/Src/Newtonsoft.Json/JsonValidatingReader.cs#L617-L673,https://github.com/JamesNK/Newtonsoft.Json/tree/52e257ee57899296d81a868b32300f0b3cfeacbe
Feature_Envy,Newtonsoft.Json.Schema.JsonSchemaBuilder.ProcessSchemaProperties,0,Newtonsoft.Json.Schema.JsonSchemaBuilder.ProcessSchemaProperties(Newtonsoft.Json.Linq.JObject),,https://github.com/JamesNK/Newtonsoft.Json/tree/52e257ee57899296d81a868b32300f0b3cfeacbe/Src/Newtonsoft.Json/Schema/JsonSchemaBuilder.cs#L242-L337,https://github.com/JamesNK/Newtonsoft.Json/tree/52e257ee57899296d81a868b32300f0b3cfeacbe
Feature_Envy,Newtonsoft.Json.Serialization.DefaultContractResolver.CreateDictionaryContract,1,Newtonsoft.Json.Serialization.DefaultContractResolver.CreateDictionaryContract(Type),,https://github.com/JamesNK/Newtonsoft.Json/tree/52e257ee57899296d81a868b32300f0b3cfeacbe/Src/Newtonsoft.Json/Serialization/DefaultContractResolver.cs#L1009-L1051,https://github.com/JamesNK/Newtonsoft.Json/tree/52e257ee57899296d81a868b32300f0b3cfeacbe
Feature_Envy,Newtonsoft.Json.Serialization.DefaultContractResolver.CreatePropertyFromConstructorParameter,2,"Newtonsoft.Json.Serialization.DefaultContractResolver.CreatePropertyFromConstructorParameter(Newtonsoft.Json.Serialization.JsonProperty?, ParameterInfo)",,https://github.com/JamesNK/Newtonsoft.Json/tree/52e257ee57899296d81a868b32300f0b3cfeacbe/Src/Newtonsoft.Json/Serialization/DefaultContractResolver.cs#L743-L775,https://github.com/JamesNK/Newtonsoft.Json/tree/52e257ee57899296d81a868b32300f0b3cfeacbe
Feature_Envy,Newtonsoft.Json.Serialization.DefaultContractResolver.SetExtensionDataDelegates,0,"Newtonsoft.Json.Serialization.DefaultContractResolver.SetExtensionDataDelegates(Newtonsoft.Json.Serialization.JsonObjectContract, MemberInfo)",,https://github.com/JamesNK/Newtonsoft.Json/tree/52e257ee57899296d81a868b32300f0b3cfeacbe/Src/Newtonsoft.Json/Serialization/DefaultContractResolver.cs#L491-L577,https://github.com/JamesNK/Newtonsoft.Json/tree/52e257ee57899296d81a868b32300f0b3cfeacbe
Feature_Envy,Newtonsoft.Json.Serialization.JsonArrayContract.CreateWrapper,0,Newtonsoft.Json.Serialization.JsonArrayContract.CreateWrapper(object),,https://github.com/JamesNK/Newtonsoft.Json/tree/52e257ee57899296d81a868b32300f0b3cfeacbe/Src/Newtonsoft.Json/Serialization/JsonArrayContract.cs#L272-L297,https://github.com/JamesNK/Newtonsoft.Json/tree/52e257ee57899296d81a868b32300f0b3cfeacbe
Feature_Envy,Newtonsoft.Json.Serialization.JsonArrayContract.JsonArrayContract,0,Newtonsoft.Json.Serialization.JsonArrayContract.JsonArrayContract(Type),,https://github.com/JamesNK/Newtonsoft.Json/tree/52e257ee57899296d81a868b32300f0b3cfeacbe/Src/Newtonsoft.Json/Serialization/JsonArrayContract.cs#L116-L270,https://github.com/JamesNK/Newtonsoft.Json/tree/52e257ee57899296d81a868b32300f0b3cfeacbe
Feature_Envy,Newtonsoft.Json.Serialization.JsonSerializerInternalReader.AddReference,0,"Newtonsoft.Json.Serialization.JsonSerializerInternalReader.AddReference(Newtonsoft.Json.JsonReader, string, object)",,https://github.com/JamesNK/Newtonsoft.Json/tree/52e257ee57899296d81a868b32300f0b3cfeacbe/Src/Newtonsoft.Json/Serialization/JsonSerializerInternalReader.cs#L1174-L1189,https://github.com/JamesNK/Newtonsoft.Json/tree/52e257ee57899296d81a868b32300f0b3cfeacbe
Feature_Envy,Newtonsoft.Json.Serialization.JsonSerializerInternalReader.CalculatePropertyDetails,1,"Newtonsoft.Json.Serialization.JsonSerializerInternalReader.CalculatePropertyDetails(Newtonsoft.Json.Serialization.JsonProperty, ref Newtonsoft.Json.JsonConverter?, Newtonsoft.Json.Serialization.JsonContainerContract?, Newtonsoft.Json.Serialization.JsonProperty?, Newtonsoft.Json.JsonReader, object, out bool, out object?, out Newtonsoft.Json.Serialization.JsonContract?, out bool, out bool)",,https://github.com/JamesNK/Newtonsoft.Json/tree/52e257ee57899296d81a868b32300f0b3cfeacbe/Src/Newtonsoft.Json/Serialization/JsonSerializerInternalReader.cs#L1080-L1172,https://github.com/JamesNK/Newtonsoft.Json/tree/52e257ee57899296d81a868b32300f0b3cfeacbe
Feature_Envy,Newtonsoft.Json.Serialization.JsonSerializerInternalReader.Deserialize,0,"Newtonsoft.Json.Serialization.JsonSerializerInternalReader.Deserialize(Newtonsoft.Json.JsonReader, Type?, bool)",,https://github.com/JamesNK/Newtonsoft.Json/tree/52e257ee57899296d81a868b32300f0b3cfeacbe/Src/Newtonsoft.Json/Serialization/JsonSerializerInternalReader.cs#L142-L205,https://github.com/JamesNK/Newtonsoft.Json/tree/52e257ee57899296d81a868b32300f0b3cfeacbe
Feature_Envy,Newtonsoft.Json.Serialization.JsonSerializerInternalReader.EnsureType,1,"Newtonsoft.Json.Serialization.JsonSerializerInternalReader.EnsureType(Newtonsoft.Json.JsonReader, object?, CultureInfo, Newtonsoft.Json.Serialization.JsonContract?, Type?)",,https://github.com/JamesNK/Newtonsoft.Json/tree/52e257ee57899296d81a868b32300f0b3cfeacbe/Src/Newtonsoft.Json/Serialization/JsonSerializerInternalReader.cs#L941-L1010,https://github.com/JamesNK/Newtonsoft.Json/tree/52e257ee57899296d81a868b32300f0b3cfeacbe
Feature_Envy,Newtonsoft.Json.Serialization.JsonSerializerInternalReader.PopulateDictionary,0,"Newtonsoft.Json.Serialization.JsonSerializerInternalReader.PopulateDictionary(IDictionary, Newtonsoft.Json.JsonReader, Newtonsoft.Json.Serialization.JsonDictionaryContract, Newtonsoft.Json.Serialization.JsonProperty?, string?)",,https://github.com/JamesNK/Newtonsoft.Json/tree/52e257ee57899296d81a868b32300f0b3cfeacbe/Src/Newtonsoft.Json/Serialization/JsonSerializerInternalReader.cs#L1354-L1475,https://github.com/JamesNK/Newtonsoft.Json/tree/52e257ee57899296d81a868b32300f0b3cfeacbe
Feature_Envy,Newtonsoft.Json.Serialization.JsonSerializerInternalReader.ResolvePropertyAndCreatorValues,0,"Newtonsoft.Json.Serialization.JsonSerializerInternalReader.ResolvePropertyAndCreatorValues(Newtonsoft.Json.Serialization.JsonObjectContract, Newtonsoft.Json.Serialization.JsonProperty?, Newtonsoft.Json.JsonReader, Type)",,https://github.com/JamesNK/Newtonsoft.Json/tree/52e257ee57899296d81a868b32300f0b3cfeacbe/Src/Newtonsoft.Json/Serialization/JsonSerializerInternalReader.cs#L2201-L2291,https://github.com/JamesNK/Newtonsoft.Json/tree/52e257ee57899296d81a868b32300f0b3cfeacbe
Feature_Envy,Newtonsoft.Json.Serialization.JsonSerializerInternalReader.ShouldDeserialize,0,"Newtonsoft.Json.Serialization.JsonSerializerInternalReader.ShouldDeserialize(Newtonsoft.Json.JsonReader, Newtonsoft.Json.Serialization.JsonProperty, object)",,https://github.com/JamesNK/Newtonsoft.Json/tree/52e257ee57899296d81a868b32300f0b3cfeacbe/Src/Newtonsoft.Json/Serialization/JsonSerializerInternalReader.cs#L2470-L2485,https://github.com/JamesNK/Newtonsoft.Json/tree/52e257ee57899296d81a868b32300f0b3cfeacbe
Feature_Envy,Newtonsoft.Json.Serialization.JsonSerializerInternalReader.ShouldSetPropertyValue,0,"Newtonsoft.Json.Serialization.JsonSerializerInternalReader.ShouldSetPropertyValue(Newtonsoft.Json.Serialization.JsonProperty, Newtonsoft.Json.Serialization.JsonObjectContract?, object?)",,https://github.com/JamesNK/Newtonsoft.Json/tree/52e257ee57899296d81a868b32300f0b3cfeacbe/Src/Newtonsoft.Json/Serialization/JsonSerializerInternalReader.cs#L1196-L1216,https://github.com/JamesNK/Newtonsoft.Json/tree/52e257ee57899296d81a868b32300f0b3cfeacbe
Feature_Envy,Newtonsoft.Json.Serialization.JsonSerializerInternalWriter.ShouldSerialize,0,"Newtonsoft.Json.Serialization.JsonSerializerInternalWriter.ShouldSerialize(Newtonsoft.Json.JsonWriter, Newtonsoft.Json.Serialization.JsonProperty, object)",,https://github.com/JamesNK/Newtonsoft.Json/tree/52e257ee57899296d81a868b32300f0b3cfeacbe/Src/Newtonsoft.Json/Serialization/JsonSerializerInternalWriter.cs#L1210-L1225,https://github.com/JamesNK/Newtonsoft.Json/tree/52e257ee57899296d81a868b32300f0b3cfeacbe
Feature_Envy,Newtonsoft.Json.Serialization.JsonSerializerInternalWriter.ShouldWriteProperty,0,"Newtonsoft.Json.Serialization.JsonSerializerInternalWriter.ShouldWriteProperty(object?, Newtonsoft.Json.Serialization.JsonObjectContract?, Newtonsoft.Json.Serialization.JsonProperty)",,https://github.com/JamesNK/Newtonsoft.Json/tree/52e257ee57899296d81a868b32300f0b3cfeacbe/Src/Newtonsoft.Json/Serialization/JsonSerializerInternalWriter.cs#L284-L298,https://github.com/JamesNK/Newtonsoft.Json/tree/52e257ee57899296d81a868b32300f0b3cfeacbe
Feature_Envy,Newtonsoft.Json.Serialization.JsonSerializerInternalWriter.WriteObjectStart,0,"Newtonsoft.Json.Serialization.JsonSerializerInternalWriter.WriteObjectStart(Newtonsoft.Json.JsonWriter, object, Newtonsoft.Json.Serialization.JsonContract, Newtonsoft.Json.Serialization.JsonProperty?, Newtonsoft.Json.Serialization.JsonContainerContract?, Newtonsoft.Json.Serialization.JsonProperty?)",,https://github.com/JamesNK/Newtonsoft.Json/tree/52e257ee57899296d81a868b32300f0b3cfeacbe/Src/Newtonsoft.Json/Serialization/JsonSerializerInternalWriter.cs#L582-L596,https://github.com/JamesNK/Newtonsoft.Json/tree/52e257ee57899296d81a868b32300f0b3cfeacbe
Feature_Envy,Newtonsoft.Json.Utilities.ImmutableCollectionsUtils.TryBuildImmutableForArrayContract,0,"Newtonsoft.Json.Utilities.ImmutableCollectionsUtils.TryBuildImmutableForArrayContract(Type, Type, out Type?, out Newtonsoft.Json.Serialization.ObjectConstructor<object>?)",,https://github.com/JamesNK/Newtonsoft.Json/tree/52e257ee57899296d81a868b32300f0b3cfeacbe/Src/Newtonsoft.Json/Utilities/ImmutableCollectionsUtils.cs#L114-L144,https://github.com/JamesNK/Newtonsoft.Json/tree/52e257ee57899296d81a868b32300f0b3cfeacbe
Feature_Envy,NzbDrone.Api.Episodes.EpisodeResourceMapper.ToResource,0,NzbDrone.Api.Episodes.EpisodeResourceMapper.ToResource(NzbDrone.Core.Tv.Episode),,https://github.com/Sonarr/Sonarr/tree/6378e7afef6072eae20f6408818c6fb1c85661b7/src/NzbDrone.Api/Episodes/EpisodeResource.cs#L42-L71,https://github.com/Sonarr/Sonarr/tree/6378e7afef6072eae20f6408818c6fb1c85661b7
Feature_Envy,NzbDrone.Api.Restrictions.RestrictionResourceMapper.ToResource,0,NzbDrone.Api.Restrictions.RestrictionResourceMapper.ToResource(NzbDrone.Core.Profiles.Releases.ReleaseProfile),,https://github.com/Sonarr/Sonarr/tree/6378e7afef6072eae20f6408818c6fb1c85661b7/src/NzbDrone.Api/Restrictions/RestrictionResource.cs#L23-L35,https://github.com/Sonarr/Sonarr/tree/6378e7afef6072eae20f6408818c6fb1c85661b7
Feature_Envy,NzbDrone.Api.Series.SeriesResourceMapper.ToModel,0,NzbDrone.Api.Series.SeriesResourceMapper.ToModel(NzbDrone.Api.Series.SeriesResource),,https://github.com/Sonarr/Sonarr/tree/6378e7afef6072eae20f6408818c6fb1c85661b7/src/NzbDrone.Api/Series/SeriesResource.cs#L154-L207,https://github.com/Sonarr/Sonarr/tree/6378e7afef6072eae20f6408818c6fb1c85661b7
Feature_Envy,NzbDrone.Api.Series.SeriesResourceMapper.ToResource,0,"NzbDrone.Api.Series.SeriesResourceMapper.ToResource(NzbDrone.Core.Tv.Series, bool)",,https://github.com/Sonarr/Sonarr/tree/6378e7afef6072eae20f6408818c6fb1c85661b7/src/NzbDrone.Api/Series/SeriesResource.cs#L99-L152,https://github.com/Sonarr/Sonarr/tree/6378e7afef6072eae20f6408818c6fb1c85661b7
Feature_Envy,NzbDrone.Core.Datastore.Migration.download_client_import.AssociateImportedHistoryItems,0,"NzbDrone.Core.Datastore.Migration.download_client_import.AssociateImportedHistoryItems(IDbConnection, IDbTransaction)",,https://github.com/Sonarr/Sonarr/tree/6378e7afef6072eae20f6408818c6fb1c85661b7/src/NzbDrone.Core/Datastore/Migration/051_download_client_import.cs#L138-L241,https://github.com/Sonarr/Sonarr/tree/6378e7afef6072eae20f6408818c6fb1c85661b7
Feature_Envy,NzbDrone.Core.Datastore.Migration.ProfileUpdater159.GetProfiles,0,NzbDrone.Core.Datastore.Migration.ProfileUpdater159.GetProfiles(),,https://github.com/Radarr/Radarr/tree/5ce1829709e7e1de3953c04e5dab4f3a9d450b38/src/NzbDrone.Core/Datastore/Migration/159_add_webrip_qualities.cs#L215-L240,https://github.com/Radarr/Radarr/tree/5ce1829709e7e1de3953c04e5dab4f3a9d450b38
Feature_Envy,NzbDrone.Core.DecisionEngine.Specifications.BlockedIndexerSpecification.IsSatisfiedBy,0,"NzbDrone.Core.DecisionEngine.Specifications.BlockedIndexerSpecification.IsSatisfiedBy(NzbDrone.Core.Parser.Model.RemoteMovie, NzbDrone.Core.IndexerSearch.Definitions.SearchCriteriaBase)",,https://github.com/Radarr/Radarr/tree/5ce1829709e7e1de3953c04e5dab4f3a9d450b38/src/NzbDrone.Core/DecisionEngine/Specifications/BlockedIndexerSpecification.cs#L30-L39,https://github.com/Radarr/Radarr/tree/5ce1829709e7e1de3953c04e5dab4f3a9d450b38
Feature_Envy,NzbDrone.Core.Download.Clients.DownloadStation.UsenetDownloadStation.GetItems,0,NzbDrone.Core.Download.Clients.DownloadStation.UsenetDownloadStation.GetItems(),,https://github.com/Radarr/Radarr/tree/5ce1829709e7e1de3953c04e5dab4f3a9d450b38/src/NzbDrone.Core/Download/Clients/DownloadStation/UsenetDownloadStation.cs#L60-L127,https://github.com/Radarr/Radarr/tree/5ce1829709e7e1de3953c04e5dab4f3a9d450b38
Feature_Envy,NzbDrone.Core.Download.Clients.UTorrent.UTorrent.AddFromMagnetLink,0,"NzbDrone.Core.Download.Clients.UTorrent.UTorrent.AddFromMagnetLink(NzbDrone.Core.Parser.Model.RemoteEpisode, string, string)",,https://github.com/Sonarr/Sonarr/tree/6378e7afef6072eae20f6408818c6fb1c85661b7/src/NzbDrone.Core/Download/Clients/uTorrent/UTorrent.cs#L55-L76,https://github.com/Sonarr/Sonarr/tree/6378e7afef6072eae20f6408818c6fb1c85661b7
Feature_Envy,NzbDrone.Core.Download.Clients.UTorrent.UTorrentTorrentJsonConverter.ReadJson,2,"NzbDrone.Core.Download.Clients.UTorrent.UTorrentTorrentJsonConverter.ReadJson(JsonReader, Type, object, JsonSerializer)",,https://github.com/Radarr/Radarr/tree/5ce1829709e7e1de3953c04e5dab4f3a9d450b38/src/NzbDrone.Core/Download/Clients/uTorrent/UTorrentTorrent.cs#L49-L110,https://github.com/Radarr/Radarr/tree/5ce1829709e7e1de3953c04e5dab4f3a9d450b38
Feature_Envy,NzbDrone.Core.Download.DownloadClientItemClientInfo.FromDownloadClient,0,NzbDrone.Core.Download.DownloadClientItemClientInfo.FromDownloadClient<TSettings>(NzbDrone.Core.Download.DownloadClientBase<TSettings>),,https://github.com/Radarr/Radarr/tree/5ce1829709e7e1de3953c04e5dab4f3a9d450b38/src/NzbDrone.Core/Download/DownloadClientItem.cs#L42-L52,https://github.com/Radarr/Radarr/tree/5ce1829709e7e1de3953c04e5dab4f3a9d450b38
Feature_Envy,NzbDrone.Core.Download.FailedDownloadService.ProcessFailed,0,NzbDrone.Core.Download.FailedDownloadService.ProcessFailed(NzbDrone.Core.Download.TrackedDownloads.TrackedDownload),,https://github.com/Sonarr/Sonarr/tree/6378e7afef6072eae20f6408818c6fb1c85661b7/src/NzbDrone.Core/Download/FailedDownloadService.cs#L86-L115,https://github.com/Sonarr/Sonarr/tree/6378e7afef6072eae20f6408818c6fb1c85661b7
Feature_Envy,NzbDrone.Core.Download.History.DownloadHistoryService.Handle,1,NzbDrone.Core.Download.History.DownloadHistoryService.Handle(NzbDrone.Core.MediaFiles.Events.EpisodeImportedEvent),,https://github.com/Sonarr/Sonarr/tree/6378e7afef6072eae20f6408818c6fb1c85661b7/src/NzbDrone.Core/Download/History/DownloadHistoryService.cs#L126-L165,https://github.com/Sonarr/Sonarr/tree/6378e7afef6072eae20f6408818c6fb1c85661b7
Feature_Envy,NzbDrone.Core.Download.History.DownloadHistoryService.Handle1,0,NzbDrone.Core.Download.History.DownloadHistoryService.Handle(NzbDrone.Core.Download.EpisodeGrabbedEvent),,https://github.com/Sonarr/Sonarr/tree/6378e7afef6072eae20f6408818c6fb1c85661b7/src/NzbDrone.Core/Download/History/DownloadHistoryService.cs#L97-L124,https://github.com/Sonarr/Sonarr/tree/6378e7afef6072eae20f6408818c6fb1c85661b7
Feature_Envy,NzbDrone.Core.Download.TorrentClientBase.DownloadFromMagnetUrl,0,"NzbDrone.Core.Download.TorrentClientBase<TSettings>.DownloadFromMagnetUrl(NzbDrone.Core.Parser.Model.RemoteMovie, string)",,https://github.com/Radarr/Radarr/tree/5ce1829709e7e1de3953c04e5dab4f3a9d450b38/src/NzbDrone.Core/Download/TorrentClientBase.cs#L204-L234,https://github.com/Radarr/Radarr/tree/5ce1829709e7e1de3953c04e5dab4f3a9d450b38
Feature_Envy,NzbDrone.Core.History.HistoryService.Handle,0,NzbDrone.Core.History.HistoryService.Handle(NzbDrone.Core.MediaFiles.Events.EpisodeFileDeletedEvent),,https://github.com/Sonarr/Sonarr/tree/6378e7afef6072eae20f6408818c6fb1c85661b7/src/NzbDrone.Core/History/HistoryService.cs#L252-L285,https://github.com/Sonarr/Sonarr/tree/6378e7afef6072eae20f6408818c6fb1c85661b7
Feature_Envy,NzbDrone.Core.ImportLists.RadarrList2.RadarrList2RequestGeneratorBase.GetMovies,0,NzbDrone.Core.ImportLists.RadarrList2.RadarrList2RequestGeneratorBase.GetMovies(),,https://github.com/Radarr/Radarr/tree/5ce1829709e7e1de3953c04e5dab4f3a9d450b38/src/NzbDrone.Core/ImportLists/RadarrList2/RadarrList2RequestGenerator.cs#L15-L27,https://github.com/Radarr/Radarr/tree/5ce1829709e7e1de3953c04e5dab4f3a9d450b38
Feature_Envy,NzbDrone.Core.ImportLists.TMDb.Person.TMDbPersonRequestGenerator.GetMoviesRequest,0,NzbDrone.Core.ImportLists.TMDb.Person.TMDbPersonRequestGenerator.GetMoviesRequest(),,https://github.com/Radarr/Radarr/tree/5ce1829709e7e1de3953c04e5dab4f3a9d450b38/src/NzbDrone.Core/ImportLists/TMDb/Person/TMDbPersonRequestGenerator.cs#L27-L39,https://github.com/Radarr/Radarr/tree/5ce1829709e7e1de3953c04e5dab4f3a9d450b38
Feature_Envy,NzbDrone.Core.ImportLists.Trakt.TraktImportBase.RequestAction,0,"NzbDrone.Core.ImportLists.Trakt.TraktImportBase<TSettings>.RequestAction(string, IDictionary<string, string>)",,https://github.com/Sonarr/Sonarr/tree/6378e7afef6072eae20f6408818c6fb1c85661b7/src/NzbDrone.Core/ImportLists/Trakt/TraktImportBase.cs#L56-L84,https://github.com/Sonarr/Sonarr/tree/6378e7afef6072eae20f6408818c6fb1c85661b7
Feature_Envy,NzbDrone.Core.Indexers.PassThePopcorn.PassThePopcornRequestGenerator.GetRequest,0,NzbDrone.Core.Indexers.PassThePopcorn.PassThePopcornRequestGenerator.GetRequest(string),,https://github.com/Radarr/Radarr/tree/5ce1829709e7e1de3953c04e5dab4f3a9d450b38/src/NzbDrone.Core/Indexers/PassThePopcorn/PassThePopcornRequestGenerator.cs#L50-L71,https://github.com/Radarr/Radarr/tree/5ce1829709e7e1de3953c04e5dab4f3a9d450b38
Feature_Envy,NzbDrone.Core.MediaFiles.EpisodeImport.ImportApprovedEpisodes.GetOriginalFilePath,0,"NzbDrone.Core.MediaFiles.EpisodeImport.ImportApprovedEpisodes.GetOriginalFilePath(NzbDrone.Core.Download.DownloadClientItem, NzbDrone.Core.Parser.Model.LocalEpisode)",,https://github.com/Sonarr/Sonarr/tree/6378e7afef6072eae20f6408818c6fb1c85661b7/src/NzbDrone.Core/MediaFiles/EpisodeImport/ImportApprovedEpisodes.cs#L161-L196,https://github.com/Sonarr/Sonarr/tree/6378e7afef6072eae20f6408818c6fb1c85661b7
Feature_Envy,NzbDrone.Core.MediaFiles.EpisodeImport.Specifications.NotSampleSpecification.IsSatisfiedBy,0,"NzbDrone.Core.MediaFiles.EpisodeImport.Specifications.NotSampleSpecification.IsSatisfiedBy(NzbDrone.Core.Parser.Model.LocalEpisode, NzbDrone.Core.Download.DownloadClientItem)",,https://github.com/Sonarr/Sonarr/tree/6378e7afef6072eae20f6408818c6fb1c85661b7/src/NzbDrone.Core/MediaFiles/EpisodeImport/Specifications/NotSampleSpecification.cs#L22-L50,https://github.com/Sonarr/Sonarr/tree/6378e7afef6072eae20f6408818c6fb1c85661b7
Feature_Envy,NzbDrone.Core.MediaFiles.MediaInfo.MediaInfoFormatter.FormatVideoCodec,0,"NzbDrone.Core.MediaFiles.MediaInfo.MediaInfoFormatter.FormatVideoCodec(NzbDrone.Core.MediaFiles.MediaInfo.MediaInfoModel, string)",,https://github.com/Radarr/Radarr/tree/5ce1829709e7e1de3953c04e5dab4f3a9d450b38/src/NzbDrone.Core/MediaFiles/MediaInfo/MediaInfoFormatter.cs#L244-L408,https://github.com/Radarr/Radarr/tree/5ce1829709e7e1de3953c04e5dab4f3a9d450b38
Feature_Envy,NzbDrone.Core.MediaFiles.RenameEpisodeFileService.RenameFiles,0,"NzbDrone.Core.MediaFiles.RenameEpisodeFileService.RenameFiles(List<NzbDrone.Core.MediaFiles.EpisodeFile>, NzbDrone.Core.Tv.Series)",,https://github.com/Sonarr/Sonarr/tree/6378e7afef6072eae20f6408818c6fb1c85661b7/src/NzbDrone.Core/MediaFiles/RenameEpisodeFileService.cs#L110-L155,https://github.com/Sonarr/Sonarr/tree/6378e7afef6072eae20f6408818c6fb1c85661b7
Feature_Envy,NzbDrone.Core.MetadataSource.SkyHook.SkyHookProxy.MapImage,0,NzbDrone.Core.MetadataSource.SkyHook.SkyHookProxy.MapImage(NzbDrone.Core.MetadataSource.SkyHook.Resource.ImageResource),,https://github.com/Radarr/Radarr/tree/5ce1829709e7e1de3953c04e5dab4f3a9d450b38/src/NzbDrone.Core/MetadataSource/SkyHook/SkyHookProxy.cs#L529-L536,https://github.com/Radarr/Radarr/tree/5ce1829709e7e1de3953c04e5dab4f3a9d450b38
Feature_Envy,NzbDrone.Core.MetadataSource.SkyHook.SkyHookProxy.MapMovieToTmdbMovie,2,NzbDrone.Core.MetadataSource.SkyHook.SkyHookProxy.MapMovieToTmdbMovie(NzbDrone.Core.Movies.Movie),,https://github.com/Radarr/Radarr/tree/5ce1829709e7e1de3953c04e5dab4f3a9d450b38/src/NzbDrone.Core/MetadataSource/SkyHook/SkyHookProxy.cs#L258-L309,https://github.com/Radarr/Radarr/tree/5ce1829709e7e1de3953c04e5dab4f3a9d450b38
Feature_Envy,NzbDrone.Core.Notifications.Email.Email.Send,0,"NzbDrone.Core.Notifications.Email.Email.Send(MimeMessage, NzbDrone.Core.Notifications.Email.EmailSettings)",,https://github.com/Radarr/Radarr/tree/5ce1829709e7e1de3953c04e5dab4f3a9d450b38/src/NzbDrone.Core/Notifications/Email/Email.cs#L117-L158,https://github.com/Radarr/Radarr/tree/5ce1829709e7e1de3953c04e5dab4f3a9d450b38
Feature_Envy,NzbDrone.Core.Notifications.Slack.Slack.OnHealthIssue,0,NzbDrone.Core.Notifications.Slack.Slack.OnHealthIssue(NzbDrone.Core.HealthCheck.HealthCheck),,https://github.com/Sonarr/Sonarr/tree/6378e7afef6072eae20f6408818c6fb1c85661b7/src/NzbDrone.Core/Notifications/Slack/Slack.cs#L106-L121,https://github.com/Sonarr/Sonarr/tree/6378e7afef6072eae20f6408818c6fb1c85661b7
Feature_Envy,NzbDrone.Core.Notifications.Twitter.Twitter.RequestAction,0,"NzbDrone.Core.Notifications.Twitter.Twitter.RequestAction(string, IDictionary<string, string>)",,https://github.com/Sonarr/Sonarr/tree/6378e7afef6072eae20f6408818c6fb1c85661b7/src/NzbDrone.Core/Notifications/Twitter/Twitter.cs#L47-L86,https://github.com/Sonarr/Sonarr/tree/6378e7afef6072eae20f6408818c6fb1c85661b7
Feature_Envy,NzbDrone.Core.Parser.ParsingService.GetAnimeEpisodes,0,"NzbDrone.Core.Parser.ParsingService.GetAnimeEpisodes(NzbDrone.Core.Tv.Series, NzbDrone.Core.Parser.Model.ParsedEpisodeInfo, int, bool, NzbDrone.Core.IndexerSearch.Definitions.SearchCriteriaBase)",,https://github.com/Sonarr/Sonarr/tree/6378e7afef6072eae20f6408818c6fb1c85661b7/src/NzbDrone.Core/Parser/ParsingService.cs#L445-L516,https://github.com/Sonarr/Sonarr/tree/6378e7afef6072eae20f6408818c6fb1c85661b7
Feature_Envy,NzbDrone.Host.Bootstrap.Start,0,"NzbDrone.Host.Bootstrap.Start(NzbDrone.Host.ApplicationModes, NzbDrone.Common.EnvironmentInfo.StartupContext)",,https://github.com/Sonarr/Sonarr/tree/6378e7afef6072eae20f6408818c6fb1c85661b7/src/NzbDrone.Host/Bootstrap.cs#L64-L79,https://github.com/Sonarr/Sonarr/tree/6378e7afef6072eae20f6408818c6fb1c85661b7
Feature_Envy,osu.Game.Online.API.Requests.Responses.APILegacyScoreInfo.CreateScoreInfo,1,osu.Game.Online.API.Requests.Responses.APILegacyScoreInfo.CreateScoreInfo(osu.Game.Rulesets.RulesetStore),,https://github.com/ppy/osu/tree/2cac373365309a40474943f55c56159ed8f9433c/osu.Game/Online/API/Requests/Responses/APILegacyScoreInfo.cs#L20-L78,https://github.com/ppy/osu/tree/2cac373365309a40474943f55c56159ed8f9433c
Feature_Envy,osu.Game.Online.Multiplayer.StatefulMultiplayerClient.ChangeSettings,0,"osu.Game.Online.Multiplayer.StatefulMultiplayerClient.ChangeSettings(osu.Game.Utils.Optional<string>, osu.Game.Utils.Optional<osu.Game.Online.Rooms.PlaylistItem>)",,https://github.com/ppy/osu/tree/2cac373365309a40474943f55c56159ed8f9433c/osu.Game/Online/Multiplayer/StatefulMultiplayerClient.cs#L194-L222,https://github.com/ppy/osu/tree/2cac373365309a40474943f55c56159ed8f9433c
Feature_Envy,osu.Game.Overlays.Chat.Tabs.ChannelTabItem.load,0,osu.Game.Overlays.Chat.Tabs.ChannelTabItem.load(osu.Game.Graphics.OsuColour),,https://github.com/ppy/osu/tree/2cac373365309a40474943f55c56159ed8f9433c/osu.Game/Overlays/Chat/Tabs/ChannelTabItem.cs#L154-L162,https://github.com/ppy/osu/tree/2cac373365309a40474943f55c56159ed8f9433c
Feature_Envy,osu.Game.Overlays.Comments.CommentsContainer.load,0,osu.Game.Overlays.Comments.CommentsContainer.load(osu.Game.Overlays.OverlayColourProvider),,https://github.com/ppy/osu/tree/2cac373365309a40474943f55c56159ed8f9433c/osu.Game/Overlays/Comments/CommentsContainer.cs#L43-L123,https://github.com/ppy/osu/tree/2cac373365309a40474943f55c56159ed8f9433c
Feature_Envy,osu.Game.Overlays.Mods.ModSection.updateButtonSelection,0,"osu.Game.Overlays.Mods.ModSection.updateButtonSelection(osu.Game.Overlays.Mods.ModButton, IReadOnlyList<osu.Game.Rulesets.Mods.Mod>)",,https://github.com/ppy/osu/tree/2cac373365309a40474943f55c56159ed8f9433c/osu.Game/Overlays/Mods/ModSection.cs#L191-L206,https://github.com/ppy/osu/tree/2cac373365309a40474943f55c56159ed8f9433c
Feature_Envy,osu.Game.Overlays.Profile.Header.DetailHeaderContainer.updateDisplay,0,osu.Game.Overlays.Profile.Header.DetailHeaderContainer.updateDisplay(osu.Game.Users.User),,https://github.com/ppy/osu/tree/2cac373365309a40474943f55c56159ed8f9433c/osu.Game/Overlays/Profile/Header/DetailHeaderContainer.cs#L171-L183,https://github.com/ppy/osu/tree/2cac373365309a40474943f55c56159ed8f9433c
Feature_Envy,osu.Game.Overlays.Profile.Sections.Kudosu.DrawableKudosuHistoryItem.getString,0,osu.Game.Overlays.Profile.Sections.Kudosu.DrawableKudosuHistoryItem.getString(osu.Game.Online.API.Requests.Responses.APIKudosuHistory),,https://github.com/ppy/osu/tree/2cac373365309a40474943f55c56159ed8f9433c/osu.Game/Overlays/Profile/Sections/Kudosu/DrawableKudosuHistoryItem.cs#L58-L145,https://github.com/ppy/osu/tree/2cac373365309a40474943f55c56159ed8f9433c
Feature_Envy,osu.Game.Overlays.Settings.Sections.General.LoginSettings.onlineStateChanged,0,osu.Game.Overlays.Settings.Sections.General.LoginSettings.onlineStateChanged(ValueChangedEvent<osu.Game.Online.API.APIState>),,https://github.com/ppy/osu/tree/2cac373365309a40474943f55c56159ed8f9433c/osu.Game/Overlays/Settings/Sections/General/LoginSettings.cs#L77-L194,https://github.com/ppy/osu/tree/2cac373365309a40474943f55c56159ed8f9433c
Feature_Envy,osu.Game.Rulesets.Objects.Legacy.ConvertHitObjectParser.Parse,0,osu.Game.Rulesets.Objects.Legacy.ConvertHitObjectParser.Parse(string),,https://github.com/ppy/osu/tree/2cac373365309a40474943f55c56159ed8f9433c/osu.Game/Rulesets/Objects/Legacy/ConvertHitObjectParser.cs#L43-L180,https://github.com/ppy/osu/tree/2cac373365309a40474943f55c56159ed8f9433c
Feature_Envy,osu.Game.Rulesets.Osu.Mods.OsuModRelax.Update,0,osu.Game.Rulesets.Osu.Mods.OsuModRelax.Update(osu.Game.Rulesets.UI.Playfield),,https://github.com/ppy/osu/tree/2cac373365309a40474943f55c56159ed8f9433c/osu.Game.Rulesets.Osu/Mods/OsuModRelax.cs#L56-L137,https://github.com/ppy/osu/tree/2cac373365309a40474943f55c56159ed8f9433c
Feature_Envy,osu.Game.Rulesets.Osu.Objects.Slider.CreateNestedHitObjects,0,osu.Game.Rulesets.Osu.Objects.Slider.CreateNestedHitObjects(CancellationToken),,https://github.com/ppy/osu/tree/2cac373365309a40474943f55c56159ed8f9433c/osu.Game.Rulesets.Osu/Objects/Slider.cs#L146-L204,https://github.com/ppy/osu/tree/2cac373365309a40474943f55c56159ed8f9433c
Feature_Envy,osu.Game.Rulesets.Osu.Skinning.Default.DefaultSpinnerDisc.updateStateTransforms,0,"osu.Game.Rulesets.Osu.Skinning.Default.DefaultSpinnerDisc.updateStateTransforms(osu.Game.Rulesets.Objects.Drawables.DrawableHitObject, osu.Game.Rulesets.Objects.Drawables.ArmedState)",,https://github.com/ppy/osu/tree/2cac373365309a40474943f55c56159ed8f9433c/osu.Game.Rulesets.Osu/Skinning/Default/DefaultSpinnerDisc.cs#L131-L186,https://github.com/ppy/osu/tree/2cac373365309a40474943f55c56159ed8f9433c
Feature_Envy,osu.Game.Rulesets.Taiko.Edit.TaikoSelectionHandler.SetRimState,0,osu.Game.Rulesets.Taiko.Edit.TaikoSelectionHandler.SetRimState(bool),,https://github.com/ppy/osu/tree/2cac373365309a40474943f55c56159ed8f9433c/osu.Game.Rulesets.Taiko/Edit/TaikoSelectionHandler.cs#L71-L81,https://github.com/ppy/osu/tree/2cac373365309a40474943f55c56159ed8f9433c
Feature_Envy,osu.Game.Screens.OnlinePlay.Multiplayer.MultiplayerMatchSubScreen.load,0,osu.Game.Screens.OnlinePlay.Multiplayer.MultiplayerMatchSubScreen.load(),,https://github.com/ppy/osu/tree/2cac373365309a40474943f55c56159ed8f9433c/osu.Game/Screens/OnlinePlay/Multiplayer/MultiplayerMatchSubScreen.cs#L61-L263,https://github.com/ppy/osu/tree/2cac373365309a40474943f55c56159ed8f9433c
Feature_Envy,osu.Game.Screens.OnlinePlay.Playlists.Playlists.UpdatePollingRate,1,osu.Game.Screens.OnlinePlay.Playlists.Playlists.UpdatePollingRate(bool),,https://github.com/ppy/osu/tree/2cac373365309a40474943f55c56159ed8f9433c/osu.Game/Screens/OnlinePlay/Playlists/Playlists.cs#L16-L47,https://github.com/ppy/osu/tree/2cac373365309a40474943f55c56159ed8f9433c
Feature_Envy,osu.Game.Screens.Play.Player.updateGameplayState,0,osu.Game.Screens.Play.Player.updateGameplayState(),,https://github.com/ppy/osu/tree/2cac373365309a40474943f55c56159ed8f9433c/osu.Game/Screens/Play/Player.cs#L416-L421,https://github.com/ppy/osu/tree/2cac373365309a40474943f55c56159ed8f9433c
Feature_Envy,osu.Game.Screens.Play.SpectatorPlayer.load,0,osu.Game.Screens.Play.SpectatorPlayer.load(),,https://github.com/ppy/osu/tree/2cac373365309a40474943f55c56159ed8f9433c/osu.Game/Screens/Play/SpectatorPlayer.cs#L36-L49,https://github.com/ppy/osu/tree/2cac373365309a40474943f55c56159ed8f9433c
Feature_Envy,osu.Game.Screens.Select.Carousel.DrawableCarouselBeatmap.load,0,"osu.Game.Screens.Select.Carousel.DrawableCarouselBeatmap.load(osu.Game.Beatmaps.BeatmapManager, osu.Game.Screens.Select.SongSelect)",,https://github.com/ppy/osu/tree/2cac373365309a40474943f55c56159ed8f9433c/osu.Game/Screens/Select/Carousel/DrawableCarouselBeatmap.cs#L75-L175,https://github.com/ppy/osu/tree/2cac373365309a40474943f55c56159ed8f9433c
Feature_Envy,osu.Game.Screens.Select.FooterButtonMods.FooterButtonMods,0,osu.Game.Screens.Select.FooterButtonMods.FooterButtonMods(),,https://github.com/ppy/osu/tree/2cac373365309a40474943f55c56159ed8f9433c/osu.Game/Screens/Select/FooterButtonMods.cs#L34-L50,https://github.com/ppy/osu/tree/2cac373365309a40474943f55c56159ed8f9433c
Feature_Envy,osu.Game.Tournament.Screens.Drawings.DrawingsScreen.load,0,"osu.Game.Tournament.Screens.Drawings.DrawingsScreen.load(TextureStore, Storage)",,https://github.com/ppy/osu/tree/2cac373365309a40474943f55c56159ed8f9433c/osu.Game.Tournament/Screens/Drawings/DrawingsScreen.cs#L43-L164,https://github.com/ppy/osu/tree/2cac373365309a40474943f55c56159ed8f9433c
Feature_Envy,Radarr.Api.V3.Blocklist.BlocklistResourceMapper.MapToResource,0,"Radarr.Api.V3.Blocklist.BlocklistResourceMapper.MapToResource(NzbDrone.Core.Blocklisting.Blocklist, NzbDrone.Core.CustomFormats.ICustomFormatCalculationService)",,https://github.com/Radarr/Radarr/tree/5ce1829709e7e1de3953c04e5dab4f3a9d450b38/src/Radarr.Api.V3/Blocklist/BlocklistResource.cs#L30-L53,https://github.com/Radarr/Radarr/tree/5ce1829709e7e1de3953c04e5dab4f3a9d450b38
Feature_Envy,Radarr.Api.V3.Config.IndexerConfigResourceMapper.ToResource,0,Radarr.Api.V3.Config.IndexerConfigResourceMapper.ToResource(NzbDrone.Core.Configuration.IConfigService),,https://github.com/Radarr/Radarr/tree/5ce1829709e7e1de3953c04e5dab4f3a9d450b38/src/Radarr.Api.V3/Config/IndexerConfigResource.cs#L20-L33,https://github.com/Radarr/Radarr/tree/5ce1829709e7e1de3953c04e5dab4f3a9d450b38
Feature_Envy,Radarr.Api.V3.History.HistoryResourceMapper.ToResource,0,"Radarr.Api.V3.History.HistoryResourceMapper.ToResource(NzbDrone.Core.History.MovieHistory, NzbDrone.Core.CustomFormats.ICustomFormatCalculationService)",,https://github.com/Radarr/Radarr/tree/5ce1829709e7e1de3953c04e5dab4f3a9d450b38/src/Radarr.Api.V3/History/HistoryResource.cs#L33-L58,https://github.com/Radarr/Radarr/tree/5ce1829709e7e1de3953c04e5dab4f3a9d450b38
Feature_Envy,Radarr.Api.V3.MovieFiles.MovieFileController.SetMovieFile,0,Radarr.Api.V3.MovieFiles.MovieFileController.SetMovieFile(Radarr.Api.V3.MovieFiles.MovieFileResource),,https://github.com/Radarr/Radarr/tree/5ce1829709e7e1de3953c04e5dab4f3a9d450b38/src/Radarr.Api.V3/MovieFiles/MovieFileController.cs#L96-L116,https://github.com/Radarr/Radarr/tree/5ce1829709e7e1de3953c04e5dab4f3a9d450b38
Feature_Envy,Radarr.Api.V3.MovieFiles.MovieFileResourceMapper.ToResource,0,Radarr.Api.V3.MovieFiles.MovieFileResourceMapper.ToResource(NzbDrone.Core.MediaFiles.MovieFile),,https://github.com/Radarr/Radarr/tree/5ce1829709e7e1de3953c04e5dab4f3a9d450b38/src/Radarr.Api.V3/MovieFiles/MovieFileResource.cs#L35-L61,https://github.com/Radarr/Radarr/tree/5ce1829709e7e1de3953c04e5dab4f3a9d450b38
Feature_Envy,Radarr.Http.ErrorManagement.RadarrErrorPipeline.HandleException,0,Radarr.Http.ErrorManagement.RadarrErrorPipeline.HandleException(HttpContext),,https://github.com/Radarr/Radarr/tree/5ce1829709e7e1de3953c04e5dab4f3a9d450b38/src/Radarr.Http/ErrorManagement/RadarrErrorPipeline.cs#L24-L85,https://github.com/Radarr/Radarr/tree/5ce1829709e7e1de3953c04e5dab4f3a9d450b38
Feature_Envy,Radarr.Http.Extensions.RequestExtensions.ApplyToPage,0,"Radarr.Http.Extensions.RequestExtensions.ApplyToPage<TResource, TModel>(NzbDrone.Core.Datastore.PagingSpec<TModel>, Func<NzbDrone.Core.Datastore.PagingSpec<TModel>, NzbDrone.Core.Datastore.PagingSpec<TModel>>, Converter<TModel, TResource>)",,https://github.com/Radarr/Radarr/tree/5ce1829709e7e1de3953c04e5dab4f3a9d450b38/src/Radarr.Http/Extensions/RequestExtensions.cs#L131-L144,https://github.com/Radarr/Radarr/tree/5ce1829709e7e1de3953c04e5dab4f3a9d450b38
Feature_Envy,ResourceManager.CommitDataRenders.MonospacedHeaderRenderStyleProvider.MonospacedHeaderRenderStyleProvider,0,ResourceManager.CommitDataRenders.MonospacedHeaderRenderStyleProvider.MonospacedHeaderRenderStyleProvider(),,https://github.com/gitextensions/gitextensions/tree/a866c36b3948dbdddc5e62ade639edc79603a81d/ResourceManager/CommitDataRenders/MonospacedHeaderRenderStyleProvider.cs#L16-L30,https://github.com/gitextensions/gitextensions/tree/a866c36b3948dbdddc5e62ade639edc79603a81d
Feature_Envy,ResourceManager.LinkFactory.CreateCommitLink,0,"ResourceManager.LinkFactory.CreateCommitLink(GitUIPluginInterfaces.ObjectId, string?, bool)",,https://github.com/gitextensions/gitextensions/tree/a866c36b3948dbdddc5e62ade639edc79603a81d/ResourceManager/LinkFactory.cs#L78-L101,https://github.com/gitextensions/gitextensions/tree/a866c36b3948dbdddc5e62ade639edc79603a81d
Feature_Envy,ResourceManager.LocalizationHelpers.GetRelativeDateString,1,"ResourceManager.LocalizationHelpers.GetRelativeDateString(DateTime, DateTime, bool)",,https://github.com/gitextensions/gitextensions/tree/a866c36b3948dbdddc5e62ade639edc79603a81d/ResourceManager/LocalizationHelpers.cs#L32-L73,https://github.com/gitextensions/gitextensions/tree/a866c36b3948dbdddc5e62ade639edc79603a81d
Feature_Envy,ScreenToGif.Capture.DirectCachedCapture.CaptureWithCursor,1,ScreenToGif.Capture.DirectCachedCapture.CaptureWithCursor(ScreenToGif.Model.FrameInfo),,https://github.com/NickeManarin/ScreenToGif/tree/2d318f837946f730e1b2e5c708ae9f776b9e360b/ScreenToGif/Capture/DirectCachedCapture.cs#L195-L401,https://github.com/NickeManarin/ScreenToGif/tree/2d318f837946f730e1b2e5c708ae9f776b9e360b
Feature_Envy,ScreenToGif.Capture.DirectChangedCachedCapture.Capture,1,ScreenToGif.Capture.DirectChangedCachedCapture.Capture(ScreenToGif.Model.FrameInfo),,https://github.com/NickeManarin/ScreenToGif/tree/2d318f837946f730e1b2e5c708ae9f776b9e360b/ScreenToGif/Capture/DirectChangedCachedCapture.cs#L16-L167,https://github.com/NickeManarin/ScreenToGif/tree/2d318f837946f730e1b2e5c708ae9f776b9e360b
Feature_Envy,ScreenToGif.Capture.DirectChangedImageCapture.Capture,1,ScreenToGif.Capture.DirectChangedImageCapture.Capture(ScreenToGif.Model.FrameInfo),,https://github.com/NickeManarin/ScreenToGif/tree/2d318f837946f730e1b2e5c708ae9f776b9e360b/ScreenToGif/Capture/DirectChangedImageCapture.cs#L16-L178,https://github.com/NickeManarin/ScreenToGif/tree/2d318f837946f730e1b2e5c708ae9f776b9e360b
Feature_Envy,ScreenToGif.Capture.DirectImageCapture.GetCursor,1,"ScreenToGif.Capture.DirectImageCapture.GetCursor(Texture2D, OutputDuplicateFrameInformation, ScreenToGif.Model.FrameInfo)",,https://github.com/NickeManarin/ScreenToGif/tree/2d318f837946f730e1b2e5c708ae9f776b9e360b/ScreenToGif/Capture/DirectImageCapture.cs#L753-L857,https://github.com/NickeManarin/ScreenToGif/tree/2d318f837946f730e1b2e5c708ae9f776b9e360b
Feature_Envy,ScreenToGif.Capture.ImageCapture.Capture,0,ScreenToGif.Capture.ImageCapture.Capture(ScreenToGif.Model.FrameInfo),,https://github.com/NickeManarin/ScreenToGif/tree/2d318f837946f730e1b2e5c708ae9f776b9e360b/ScreenToGif/Capture/ImageCapture.cs#L52-L78,https://github.com/NickeManarin/ScreenToGif/tree/2d318f837946f730e1b2e5c708ae9f776b9e360b
Feature_Envy,ScreenToGif.Capture.ImageCapture.Save,1,ScreenToGif.Capture.ImageCapture.Save(ScreenToGif.Model.FrameInfo),,https://github.com/NickeManarin/ScreenToGif/tree/2d318f837946f730e1b2e5c708ae9f776b9e360b/ScreenToGif/Capture/ImageCapture.cs#L170-L177,https://github.com/NickeManarin/ScreenToGif/tree/2d318f837946f730e1b2e5c708ae9f776b9e360b
Feature_Envy,ScreenToGif.Controls.HideableTabControl.AnimateOrNot,0,ScreenToGif.Controls.HideableTabControl.AnimateOrNot(bool),,https://github.com/NickeManarin/ScreenToGif/tree/2d318f837946f730e1b2e5c708ae9f776b9e360b/ScreenToGif/Controls/HideableTabControl.cs#L318-L358,https://github.com/NickeManarin/ScreenToGif/tree/2d318f837946f730e1b2e5c708ae9f776b9e360b
Feature_Envy,ScreenToGif.Controls.NotificationBox.CancelEncoding_Clicked,0,"ScreenToGif.Controls.NotificationBox.CancelEncoding_Clicked(object, RoutedEventArgs)",,https://github.com/NickeManarin/ScreenToGif/tree/2d318f837946f730e1b2e5c708ae9f776b9e360b/ScreenToGif/Controls/NotificationBox.cs#L135-L144,https://github.com/NickeManarin/ScreenToGif/tree/2d318f837946f730e1b2e5c708ae9f776b9e360b
Feature_Envy,ScreenToGif.ImageUtil.Gif.Decoder.GifFile.Read,0,"ScreenToGif.ImageUtil.Gif.Decoder.GifFile.Read(Stream, bool)",,https://github.com/NickeManarin/ScreenToGif/tree/2d318f837946f730e1b2e5c708ae9f776b9e360b/ScreenToGif/ImageUtil/Gif/Decoder/GifFile.cs#L44-L56,https://github.com/NickeManarin/ScreenToGif/tree/2d318f837946f730e1b2e5c708ae9f776b9e360b
Feature_Envy,ScreenToGif.ImageUtil.ImageMethods.PaintAndCutForTransparency,1,"ScreenToGif.ImageUtil.ImageMethods.PaintAndCutForTransparency(ScreenToGif.Model.ExportProject, System.Windows.Media.Color?, System.Windows.Media.Color, int, CancellationTokenSource)",,https://github.com/NickeManarin/ScreenToGif/tree/2d318f837946f730e1b2e5c708ae9f776b9e360b/ScreenToGif/ImageUtil/ImageMethods.cs#L45-L258,https://github.com/NickeManarin/ScreenToGif/tree/2d318f837946f730e1b2e5c708ae9f776b9e360b
Feature_Envy,ScreenToGif.Model.ExportPresets.Image.JpegPreset.JpegPreset,0,ScreenToGif.Model.ExportPresets.Image.JpegPreset.JpegPreset(),,https://github.com/NickeManarin/ScreenToGif/tree/2d318f837946f730e1b2e5c708ae9f776b9e360b/ScreenToGif/Model/ExportPresets/Image/JpegPreset.cs#L8-L14,https://github.com/NickeManarin/ScreenToGif/tree/2d318f837946f730e1b2e5c708ae9f776b9e360b
Feature_Envy,ScreenToGif.Model.ExportPresets.Video.Codecs.H264Qsv.H264Qsv,0,ScreenToGif.Model.ExportPresets.Video.Codecs.H264Qsv.H264Qsv(),,https://github.com/NickeManarin/ScreenToGif/tree/2d318f837946f730e1b2e5c708ae9f776b9e360b/ScreenToGif/Model/ExportPresets/Video/Codecs/H264Qsv.cs#L8-L36,https://github.com/NickeManarin/ScreenToGif/tree/2d318f837946f730e1b2e5c708ae9f776b9e360b
Feature_Envy,ScreenToGif.Model.ExportPresets.Video.Codecs.HevcNvenc.HevcNvenc,0,ScreenToGif.Model.ExportPresets.Video.Codecs.HevcNvenc.HevcNvenc(),,https://github.com/NickeManarin/ScreenToGif/tree/2d318f837946f730e1b2e5c708ae9f776b9e360b/ScreenToGif/Model/ExportPresets/Video/Codecs/HevcNvenc.cs#L11-L49,https://github.com/NickeManarin/ScreenToGif/tree/2d318f837946f730e1b2e5c708ae9f776b9e360b
Feature_Envy,ScreenToGif.Model.ExportPresets.Video.Codecs.Mpeg2.Mpeg2,0,ScreenToGif.Model.ExportPresets.Video.Codecs.Mpeg2.Mpeg2(),,https://github.com/NickeManarin/ScreenToGif/tree/2d318f837946f730e1b2e5c708ae9f776b9e360b/ScreenToGif/Model/ExportPresets/Video/Codecs/Mpeg2.cs#L8-L24,https://github.com/NickeManarin/ScreenToGif/tree/2d318f837946f730e1b2e5c708ae9f776b9e360b
Feature_Envy,ScreenToGif.Model.UploadPresets.Imgur.ImgurAlbum.ImgurAlbum,0,ScreenToGif.Model.UploadPresets.Imgur.ImgurAlbum.ImgurAlbum(ScreenToGif.Cloud.Imgur.ImgurAlbumData),,https://github.com/NickeManarin/ScreenToGif/tree/2d318f837946f730e1b2e5c708ae9f776b9e360b/ScreenToGif/Model/UploadPresets/Imgur/ImgurAlbum.cs#L26-L36,https://github.com/NickeManarin/ScreenToGif/tree/2d318f837946f730e1b2e5c708ae9f776b9e360b
Feature_Envy,ScreenToGif.Util.ActionStack.Undo,2,"ScreenToGif.Util.ActionStack.Undo(List<ScreenToGif.Model.FrameInfo>, bool)",,https://github.com/NickeManarin/ScreenToGif/tree/2d318f837946f730e1b2e5c708ae9f776b9e360b/ScreenToGif/Util/ActionStack.cs#L243-L571,https://github.com/NickeManarin/ScreenToGif/tree/2d318f837946f730e1b2e5c708ae9f776b9e360b
Feature_Envy,ScreenToGif.Util.GifskiInterop.AddFrame,0,"ScreenToGif.Util.GifskiInterop.AddFrame(IntPtr, uint, string, int, double, bool)",,https://github.com/NickeManarin/ScreenToGif/tree/2d318f837946f730e1b2e5c708ae9f776b9e360b/ScreenToGif/Util/GifskiInterop.cs#L222-L275,https://github.com/NickeManarin/ScreenToGif/tree/2d318f837946f730e1b2e5c708ae9f776b9e360b
Feature_Envy,ScreenToGif.Util.Native.CaptureWindow,0,"ScreenToGif.Util.Native.CaptureWindow(IntPtr, double)",,https://github.com/NickeManarin/ScreenToGif/tree/2d318f837946f730e1b2e5c708ae9f776b9e360b/ScreenToGif/Util/Native.cs#L1837-L1870,https://github.com/NickeManarin/ScreenToGif/tree/2d318f837946f730e1b2e5c708ae9f776b9e360b
Feature_Envy,ScreenToGif.Util.WebHelper.GetProxy,0,ScreenToGif.Util.WebHelper.GetProxy(),,https://github.com/NickeManarin/ScreenToGif/tree/2d318f837946f730e1b2e5c708ae9f776b9e360b/ScreenToGif/Util/WebHelper.cs#L276-L286,https://github.com/NickeManarin/ScreenToGif/tree/2d318f837946f730e1b2e5c708ae9f776b9e360b
Feature_Envy,ScreenToGif.ViewModel.Tasks.BorderViewModel.FromSettings,0,ScreenToGif.ViewModel.Tasks.BorderViewModel.FromSettings(bool),,https://github.com/NickeManarin/ScreenToGif/tree/2d318f837946f730e1b2e5c708ae9f776b9e360b/ScreenToGif/ViewModel/Tasks/BorderViewModel.cs#L72-L83,https://github.com/NickeManarin/ScreenToGif/tree/2d318f837946f730e1b2e5c708ae9f776b9e360b
Feature_Envy,ShareX.CaptureActiveWindow.Execute,0,ShareX.CaptureActiveWindow.Execute(ShareX.TaskSettings),,https://github.com/ShareX/ShareX/tree/c9a71ed00eda0e7c5a45237b9bcd3f8f614cda63/ShareX/CaptureHelpers/CaptureActiveWindow.cs#L30-L44,https://github.com/ShareX/ShareX/tree/c9a71ed00eda0e7c5a45237b9bcd3f8f614cda63
Feature_Envy,ShareX.HelpersLib.CodeMenu.CodeMenu,0,"ShareX.HelpersLib.CodeMenu.CodeMenu(TextBoxBase, ShareX.HelpersLib.CodeMenuItem[])",,https://github.com/ShareX/ShareX/tree/c9a71ed00eda0e7c5a45237b9bcd3f8f614cda63/ShareX.HelpersLib/NameParser/CodeMenu.cs#L53-L139,https://github.com/ShareX/ShareX/tree/c9a71ed00eda0e7c5a45237b9bcd3f8f614cda63
Feature_Envy,ShareX.HelpersLib.ColorBox.DrawBrightness,0,ShareX.HelpersLib.ColorBox.DrawBrightness(),,https://github.com/ShareX/ShareX/tree/c9a71ed00eda0e7c5a45237b9bcd3f8f614cda63/ShareX.HelpersLib/Colors/ColorBox.cs#L100-L117,https://github.com/ShareX/ShareX/tree/c9a71ed00eda0e7c5a45237b9bcd3f8f614cda63
Feature_Envy,ShareX.HelpersLib.ColorSlider.DrawSaturation,0,ShareX.HelpersLib.ColorSlider.DrawSaturation(),,https://github.com/ShareX/ShareX/tree/c9a71ed00eda0e7c5a45237b9bcd3f8f614cda63/ShareX.HelpersLib/Colors/ColorSlider.cs#L76-L88,https://github.com/ShareX/ShareX/tree/c9a71ed00eda0e7c5a45237b9bcd3f8f614cda63
Feature_Envy,ShareX.HelpersLib.DirectoryNameEditor.EditValue,0,"ShareX.HelpersLib.DirectoryNameEditor.EditValue(ITypeDescriptorContext, IServiceProvider, object)",,https://github.com/ShareX/ShareX/tree/c9a71ed00eda0e7c5a45237b9bcd3f8f614cda63/ShareX.HelpersLib/UITypeEditors/DirectoryNameEditor.cs#L35-L53,https://github.com/ShareX/ShareX/tree/c9a71ed00eda0e7c5a45237b9bcd3f8f614cda63
Feature_Envy,ShareX.IndexerLib.IndexerText.IndexFolder,0,"ShareX.IndexerLib.IndexerText.IndexFolder(ShareX.IndexerLib.FolderInfo, int)",,https://github.com/ShareX/ShareX/tree/c9a71ed00eda0e7c5a45237b9bcd3f8f614cda63/ShareX.IndexerLib/IndexerText.cs#L61-L87,https://github.com/ShareX/ShareX/tree/c9a71ed00eda0e7c5a45237b9bcd3f8f614cda63
Feature_Envy,ShareX.ScreenCaptureLib.StickerImageListViewRenderer.InitializeGraphics,0,ShareX.ScreenCaptureLib.StickerImageListViewRenderer.InitializeGraphics(Graphics),,https://github.com/ShareX/ShareX/tree/c9a71ed00eda0e7c5a45237b9bcd3f8f614cda63/ShareX.ScreenCaptureLib/Forms/StickerImageListViewRenderer.cs#L37-L55,https://github.com/ShareX/ShareX/tree/c9a71ed00eda0e7c5a45237b9bcd3f8f614cda63
Feature_Envy,ShareX.ScreenCaptureLib.TextDrawingShape.AutoSize,0,ShareX.ScreenCaptureLib.TextDrawingShape.AutoSize(bool),,https://github.com/ShareX/ShareX/tree/c9a71ed00eda0e7c5a45237b9bcd3f8f614cda63/ShareX.ScreenCaptureLib/Shapes/Drawing/TextDrawingShape.cs#L146-L174,https://github.com/ShareX/ShareX/tree/c9a71ed00eda0e7c5a45237b9bcd3f8f614cda63
Feature_Envy,ShareX.SettingManager.Import,0,ShareX.SettingManager.Import(string),,https://github.com/ShareX/ShareX/tree/c9a71ed00eda0e7c5a45237b9bcd3f8f614cda63/ShareX/SettingManager.cs#L386-L404,https://github.com/ShareX/ShareX/tree/c9a71ed00eda0e7c5a45237b9bcd3f8f614cda63
Feature_Envy,ShareX.TaskHelpers.CheckFFmpeg,0,ShareX.TaskHelpers.CheckFFmpeg(ShareX.TaskSettings),,https://github.com/ShareX/ShareX/tree/c9a71ed00eda0e7c5a45237b9bcd3f8f614cda63/ShareX/TaskHelpers.cs#L1354-L1392,https://github.com/ShareX/ShareX/tree/c9a71ed00eda0e7c5a45237b9bcd3f8f614cda63
Feature_Envy,ShareX.TaskHelpers.FindMenuIcon,0,ShareX.TaskHelpers.FindMenuIcon<T>(T),,https://github.com/ShareX/ShareX/tree/c9a71ed00eda0e7c5a45237b9bcd3f8f614cda63/ShareX/TaskHelpers.cs#L1499-L1608,https://github.com/ShareX/ShareX/tree/c9a71ed00eda0e7c5a45237b9bcd3f8f614cda63
Feature_Envy,ShareX.UploadersLib.FileUploaders.AmazonS3NewFileUploaderService.CheckConfig,1,ShareX.UploadersLib.FileUploaders.AmazonS3NewFileUploaderService.CheckConfig(ShareX.UploadersLib.UploadersConfig),,https://github.com/ShareX/ShareX/tree/c9a71ed00eda0e7c5a45237b9bcd3f8f614cda63/ShareX.UploadersLib/FileUploaders/AmazonS3.cs#L55-L60,https://github.com/ShareX/ShareX/tree/c9a71ed00eda0e7c5a45237b9bcd3f8f614cda63
Feature_Envy,ShareX.UploadersLib.FileUploaders.StreamableFileUploaderService.CreateUploader,0,"ShareX.UploadersLib.FileUploaders.StreamableFileUploaderService.CreateUploader(ShareX.UploadersLib.UploadersConfig, ShareX.UploadersLib.TaskReferenceHelper)",,https://github.com/ShareX/ShareX/tree/c9a71ed00eda0e7c5a45237b9bcd3f8f614cda63/ShareX.UploadersLib/FileUploaders/Streamable.cs#L45-L60,https://github.com/ShareX/ShareX/tree/c9a71ed00eda0e7c5a45237b9bcd3f8f614cda63
Feature_Envy,ShareX.UploadersLib.FileUploaders.Teknik.GetAccessToken,0,ShareX.UploadersLib.FileUploaders.Teknik.GetAccessToken(string),,https://github.com/ShareX/ShareX/tree/c9a71ed00eda0e7c5a45237b9bcd3f8f614cda63/ShareX.UploadersLib/FileUploaders/Teknik.cs#L139-L162,https://github.com/ShareX/ShareX/tree/c9a71ed00eda0e7c5a45237b9bcd3f8f614cda63
Feature_Envy,ShareX.UploadersLib.GoogleOAuth2.GetAccessToken,0,ShareX.UploadersLib.GoogleOAuth2.GetAccessToken(string),,https://github.com/ShareX/ShareX/tree/c9a71ed00eda0e7c5a45237b9bcd3f8f614cda63/ShareX.UploadersLib/OAuth/GoogleOAuth2.cs#L61-L85,https://github.com/ShareX/ShareX/tree/c9a71ed00eda0e7c5a45237b9bcd3f8f614cda63
Feature_Envy,ShareX.UploadersLib.ImageUploaders.ImmioUploader.Upload,0,"ShareX.UploadersLib.ImageUploaders.ImmioUploader.Upload(Stream, string)",,https://github.com/ShareX/ShareX/tree/c9a71ed00eda0e7c5a45237b9bcd3f8f614cda63/ShareX.UploadersLib/ImageUploaders/ImmioUploader.cs#L33-L42,https://github.com/ShareX/ShareX/tree/c9a71ed00eda0e7c5a45237b9bcd3f8f614cda63
Feature_Envy,ShareX.UploadersLib.OAuthManager.GenerateQuery,0,"ShareX.UploadersLib.OAuthManager.GenerateQuery(string, Dictionary<string, string>, ShareX.UploadersLib.HttpMethod, ShareX.UploadersLib.OAuthInfo, out Dictionary<string, string>)",,https://github.com/ShareX/ShareX/tree/c9a71ed00eda0e7c5a45237b9bcd3f8f614cda63/ShareX.UploadersLib/OAuth/OAuthManager.cs#L60-L132,https://github.com/ShareX/ShareX/tree/c9a71ed00eda0e7c5a45237b9bcd3f8f614cda63
Feature_Envy,ShareX.UploadersLib.URLShorteners.PolrURLShortenerService.CreateShortener,0,"ShareX.UploadersLib.URLShorteners.PolrURLShortenerService.CreateShortener(ShareX.UploadersLib.UploadersConfig, ShareX.UploadersLib.TaskReferenceHelper)",,https://github.com/ShareX/ShareX/tree/c9a71ed00eda0e7c5a45237b9bcd3f8f614cda63/ShareX.UploadersLib/URLShorteners/PolrURLShortener.cs#L47-L56,https://github.com/ShareX/ShareX/tree/c9a71ed00eda0e7c5a45237b9bcd3f8f614cda63
Feature_Envy,ShareX.WorkerTask.DoFileJobs,0,ShareX.WorkerTask.DoFileJobs(),,https://github.com/ShareX/ShareX/tree/c9a71ed00eda0e7c5a45237b9bcd3f8f614cda63/ShareX/WorkerTask.cs#L715-L763,https://github.com/ShareX/ShareX/tree/c9a71ed00eda0e7c5a45237b9bcd3f8f614cda63
Feature_Envy,ShareX.WorkerTask.DoUpload,1,ShareX.WorkerTask.DoUpload(int),,https://github.com/ShareX/ShareX/tree/c9a71ed00eda0e7c5a45237b9bcd3f8f614cda63/ShareX/WorkerTask.cs#L445-L522,https://github.com/ShareX/ShareX/tree/c9a71ed00eda0e7c5a45237b9bcd3f8f614cda63
Feature_Envy,Sonarr.Api.V3.Episodes.EpisodeModule.SetEpisodesMonitored,0,Sonarr.Api.V3.Episodes.EpisodeModule.SetEpisodesMonitored(),,https://github.com/Sonarr/Sonarr/tree/6378e7afef6072eae20f6408818c6fb1c85661b7/src/Sonarr.Api.V3/Episodes/EpisodeModule.cs#L77-L94,https://github.com/Sonarr/Sonarr/tree/6378e7afef6072eae20f6408818c6fb1c85661b7
Feature_Envy,Sonarr.Http.ClientSchema.SchemaBuilder.ReadFromSchema,0,"Sonarr.Http.ClientSchema.SchemaBuilder.ReadFromSchema(List<Sonarr.Http.ClientSchema.Field>, Type)",,https://github.com/Sonarr/Sonarr/tree/6378e7afef6072eae20f6408818c6fb1c85661b7/src/Sonarr.Http/ClientSchema/SchemaBuilder.cs#L36-L54,https://github.com/Sonarr/Sonarr/tree/6378e7afef6072eae20f6408818c6fb1c85661b7
Feature_Envy,Unity.MLAgents.Academy.Dispose,0,Unity.MLAgents.Academy.Dispose(),,https://github.com/Unity-Technologies/ml-agents/tree/cbc1993c6235cdd033754f9659561e840d4b8708/com.unity.ml-agents/Runtime/Academy.cs#L636-L670,https://github.com/Unity-Technologies/ml-agents/tree/cbc1993c6235cdd033754f9659561e840d4b8708
Feature_Envy,Unity.MLAgents.Academy.EnvironmentStep,0,Unity.MLAgents.Academy.EnvironmentStep(),,https://github.com/Unity-Technologies/ml-agents/tree/cbc1993c6235cdd033754f9659561e840d4b8708/com.unity.ml-agents/Runtime/Academy.cs#L562-L598,https://github.com/Unity-Technologies/ml-agents/tree/cbc1993c6235cdd033754f9659561e840d4b8708
Feature_Envy,Unity.MLAgents.Editor.BehaviorParametersEditor.DisplayFailedModelChecks,0,Unity.MLAgents.Editor.BehaviorParametersEditor.DisplayFailedModelChecks(),,https://github.com/Unity-Technologies/ml-agents/tree/cbc1993c6235cdd033754f9659561e840d4b8708/com.unity.ml-agents/Editor/BehaviorParametersEditor.cs#L103-L182,https://github.com/Unity-Technologies/ml-agents/tree/cbc1993c6235cdd033754f9659561e840d4b8708
Feature_Envy,Unity.MLAgents.Extensions.Editor.RigidBodySensorComponentEditor.OnInspectorGUI,0,Unity.MLAgents.Extensions.Editor.RigidBodySensorComponentEditor.OnInspectorGUI(),,https://github.com/Unity-Technologies/ml-agents/tree/cbc1993c6235cdd033754f9659561e840d4b8708/com.unity.ml-agents.extensions/Editor/RigidBodySensorComponentEditor.cs#L13-L71,https://github.com/Unity-Technologies/ml-agents/tree/cbc1993c6235cdd033754f9659561e840d4b8708
Feature_Envy,Unity.MLAgents.Extensions.Sensors.PhysicsBodySensor.PhysicsBodySensor,0,"Unity.MLAgents.Extensions.Sensors.PhysicsBodySensor.PhysicsBodySensor(Unity.MLAgents.Extensions.Sensors.RigidBodyPoseExtractor, Unity.MLAgents.Extensions.Sensors.PhysicsSensorSettings, string)",,https://github.com/Unity-Technologies/ml-agents/tree/cbc1993c6235cdd033754f9659561e840d4b8708/com.unity.ml-agents.extensions/Runtime/Sensors/PhysicsBodySensor.cs#L27-L48,https://github.com/Unity-Technologies/ml-agents/tree/cbc1993c6235cdd033754f9659561e840d4b8708
Feature_Envy,Unity.MLAgents.GrpcExtensions.ToProto,1,Unity.MLAgents.GrpcExtensions.ToProto(Unity.MLAgents.UnityRLCapabilities),,https://github.com/Unity-Technologies/ml-agents/tree/cbc1993c6235cdd033754f9659561e840d4b8708/com.unity.ml-agents/Runtime/Communicator/GrpcExtensions.cs#L478-L490,https://github.com/Unity-Technologies/ml-agents/tree/cbc1993c6235cdd033754f9659561e840d4b8708
Feature_Envy,Unity.MLAgents.GrpcExtensions.ToProto1,1,"Unity.MLAgents.GrpcExtensions.ToProto(Unity.MLAgents.Policies.BrainParameters, string, bool)",,https://github.com/Unity-Technologies/ml-agents/tree/cbc1993c6235cdd033754f9659561e840d4b8708/com.unity.ml-agents/Runtime/Communicator/GrpcExtensions.cs#L127-L148,https://github.com/Unity-Technologies/ml-agents/tree/cbc1993c6235cdd033754f9659561e840d4b8708
Feature_Envy,Unity.MLAgents.GrpcExtensions.ToRLCapabilities,0,Unity.MLAgents.GrpcExtensions.ToRLCapabilities(Unity.MLAgents.CommunicatorObjects.UnityRLCapabilitiesProto),,https://github.com/Unity-Technologies/ml-agents/tree/cbc1993c6235cdd033754f9659561e840d4b8708/com.unity.ml-agents/Runtime/Communicator/GrpcExtensions.cs#L464-L476,https://github.com/Unity-Technologies/ml-agents/tree/cbc1993c6235cdd033754f9659561e840d4b8708
Feature_Envy,Unity.MLAgents.Inference.BarracudaModelExtensions.GetInputTensors,0,Unity.MLAgents.Inference.BarracudaModelExtensions.GetInputTensors(Model),,https://github.com/Unity-Technologies/ml-agents/tree/cbc1993c6235cdd033754f9659561e840d4b8708/com.unity.ml-agents/Runtime/Inference/BarracudaModelExtensions.cs#L62-L83,https://github.com/Unity-Technologies/ml-agents/tree/cbc1993c6235cdd033754f9659561e840d4b8708
Feature_Envy,Unity.MLAgents.Inference.BarracudaModelParamLoader.CheckInputTensorShapeLegacy,0,"Unity.MLAgents.Inference.BarracudaModelParamLoader.CheckInputTensorShapeLegacy(Model, Unity.MLAgents.Policies.BrainParameters, Unity.MLAgents.Sensors.ISensor[], int)",,https://github.com/Unity-Technologies/ml-agents/tree/cbc1993c6235cdd033754f9659561e840d4b8708/com.unity.ml-agents/Runtime/Inference/BarracudaModelParamLoader.cs#L512-L574,https://github.com/Unity-Technologies/ml-agents/tree/cbc1993c6235cdd033754f9659561e840d4b8708
Feature_Envy,Unity.MLAgents.Inference.BarracudaModelParamLoader.CheckVectorObsShapeLegacy,0,"Unity.MLAgents.Inference.BarracudaModelParamLoader.CheckVectorObsShapeLegacy(Unity.MLAgents.Policies.BrainParameters, Unity.MLAgents.Inference.TensorProxy, Unity.MLAgents.Sensors.ISensor[], int)",,https://github.com/Unity-Technologies/ml-agents/tree/cbc1993c6235cdd033754f9659561e840d4b8708/com.unity.ml-agents/Runtime/Inference/BarracudaModelParamLoader.cs#L590-L636,https://github.com/Unity-Technologies/ml-agents/tree/cbc1993c6235cdd033754f9659561e840d4b8708
Feature_Envy,Unity.MLAgents.Inference.BarracudaModelParamLoader.CheckVisualObsShape,0,"Unity.MLAgents.Inference.BarracudaModelParamLoader.CheckVisualObsShape(Unity.MLAgents.Inference.TensorProxy, Unity.MLAgents.Sensors.ISensor)",,https://github.com/Unity-Technologies/ml-agents/tree/cbc1993c6235cdd033754f9659561e840d4b8708/com.unity.ml-agents/Runtime/Inference/BarracudaModelParamLoader.cs#L410-L428,https://github.com/Unity-Technologies/ml-agents/tree/cbc1993c6235cdd033754f9659561e840d4b8708
Feature_Envy,Unity.MLAgents.Integrations.Match3.Match3Actuator.WriteDiscreteActionMask,0,Unity.MLAgents.Integrations.Match3.Match3Actuator.WriteDiscreteActionMask(Unity.MLAgents.Actuators.IDiscreteActionMask),,https://github.com/Unity-Technologies/ml-agents/tree/cbc1993c6235cdd033754f9659561e840d4b8708/com.unity.ml-agents/Runtime/Integrations/Match3/Match3Actuator.cs#L61-L107,https://github.com/Unity-Technologies/ml-agents/tree/cbc1993c6235cdd033754f9659561e840d4b8708
Feature_Envy,Unity.MLAgents.SideChannels.EnvironmentParametersChannel.OnMessageReceived,0,Unity.MLAgents.SideChannels.EnvironmentParametersChannel.OnMessageReceived(Unity.MLAgents.SideChannels.IncomingMessage),,https://github.com/Unity-Technologies/ml-agents/tree/cbc1993c6235cdd033754f9659561e840d4b8708/com.unity.ml-agents/Runtime/SideChannels/EnvironmentParametersChannel.cs#L60-L107,https://github.com/Unity-Technologies/ml-agents/tree/cbc1993c6235cdd033754f9659561e840d4b8708
Feature_Envy,Unity.MLAgents.SideChannels.StatsSideChannel.AddStat,0,"Unity.MLAgents.SideChannels.StatsSideChannel.AddStat(string, float, Unity.MLAgents.StatAggregationMethod)",,https://github.com/Unity-Technologies/ml-agents/tree/cbc1993c6235cdd033754f9659561e840d4b8708/com.unity.ml-agents/Runtime/SideChannels/StatsSideChannel.cs#L26-L35,https://github.com/Unity-Technologies/ml-agents/tree/cbc1993c6235cdd033754f9659561e840d4b8708
Feature_Envy,Unity.MLAgentsExamples.JointDriveController.SetupBodyPart,2,Unity.MLAgentsExamples.JointDriveController.SetupBodyPart(Transform),,https://github.com/Unity-Technologies/ml-agents/tree/cbc1993c6235cdd033754f9659561e840d4b8708/Project/Assets/ML-Agents/Examples/SharedAssets/Scripts/JointDriveController.cs#L121-L158,https://github.com/Unity-Technologies/ml-agents/tree/cbc1993c6235cdd033754f9659561e840d4b8708
Feature_Envy,Unity.MLAgentsExamples.Match3Agent.AnimatedUpdate,0,Unity.MLAgentsExamples.Match3Agent.AnimatedUpdate(),,https://github.com/Unity-Technologies/ml-agents/tree/cbc1993c6235cdd033754f9659561e840d4b8708/Project/Assets/ML-Agents/Examples/Match3/Scripts/Match3Agent.cs#L142-L196,https://github.com/Unity-Technologies/ml-agents/tree/cbc1993c6235cdd033754f9659561e840d4b8708
Feature_Envy,UpdateVersionStamp.Program.Main,0,UpdateVersionStamp.Program.Main(string[]),,https://github.com/duplicati/duplicati/tree/0a1b32e1887c98c6034c9fafdfddcb8f8f31e207/BuildTools/UpdateVersionStamp/Program.cs#L42-L108,https://github.com/duplicati/duplicati/tree/0a1b32e1887c98c6034c9fafdfddcb8f8f31e207
Feature_Envy,WallJumpAgent.MoveAgent,0,WallJumpAgent.MoveAgent(Unity.MLAgents.Actuators.ActionSegment<int>),,https://github.com/Unity-Technologies/ml-agents/tree/cbc1993c6235cdd033754f9659561e840d4b8708/Project/Assets/ML-Agents/Examples/WallJump/Scripts/WallJumpAgent.cs#L196-L247,https://github.com/Unity-Technologies/ml-agents/tree/cbc1993c6235cdd033754f9659561e840d4b8708
